Workbook

Sheet Planning Phase
B7: Risk | D7: Initial Risk | G7: Proposed Control Measures | I7: Revised Risk | L7: Selected | M7: Actions | P7: Initial Scores | U7: Initial Scores
B8: Source | C8: Event | D8: Likelihood | E8: Consequence | F8: Rating | G8: Options | H8: Considerations | I8: Likelihood | J8: Consequence | K8: Rating | M8: Who | N8: What | P8: L | Q8: C | U8: L | V8: C
B9: Vulnerable Road Users - pedestrians, cyclists, people with disabilities and wheeled path users | S9: Very High
B10: Works impact on existing path routes resulting in VRU unable to pass the site safely using existing paths | C10: VRUs cross roads in an unsafe manner at unsigned locations | F10: =IF(P10*Q10=0,$S$14,VLOOKUP(Q10,Lookups!$D$4:$J$8,'Planning Phase'!P10+2)) -> Select L & C | K10: =IF(U10*V10=0,$S$14,VLOOKUP(V10,Lookups!$D$4:$J$8,'Planning Phase'!U10+2)) -> Select L & C | P10: =IF(D10=Lookups!$B$4,1,IF(D10=Lookups!$B$5,2,IF(D10=Lookups!$B$6,3,IF(D10=Lookups!$B$7,4,IF(D10=Lookups!$B$8,5,0))))) -> 0 | Q10: =IF(E10=Lookups!$C$4,1,IF(E10=Lookups!$C$5,2,IF(E10=Lookups!$C$6,3,IF(E10=Lookups!$C$7,4,IF(E10=Lookups!$C$8,5,0))))) -> 0 | S10: High | U10: =IF(I10=Lookups!$B$4,1,IF(I10=Lookups!$B$5,2,IF(I10=Lookups!$B$6,3,IF(I10=Lookups!$B$7,4,IF(I10=Lookups!$B$8,5,0))))) -> 0 | V10: =IF(J10=Lookups!$C$4,1,IF(J10=Lookups!$C$5,2,IF(J10=Lookups!$C$6,3,IF(J10=Lookups!$C$7,4,IF(J10=Lookups!$C$8,5,0))))) -> 0
C11: VRUs use a temporary path route which has a surface not appropriate for wheeled path users, visually impaired and VRU with mobility issues. Results in trip or fall hazards | F11: =IF(P11*Q11=0,$S$14,VLOOKUP(Q11,Lookups!$D$4:$J$8,'Planning Phase'!P11+2)) -> Select L & C | K11: =IF(U11*V11=0,$S$14,VLOOKUP(V11,Lookups!$D$4:$J$8,'Planning Phase'!U11+2)) -> Select L & C | P11: =IF(D11=Lookups!$B$4,1,IF(D11=Lookups!$B$5,2,IF(D11=Lookups!$B$6,3,IF(D11=Lookups!$B$7,4,IF(D11=Lookups!$B$8,5,0))))) -> 0 | Q11: =IF(E11=Lookups!$C$4,1,IF(E11=Lookups!$C$5,2,IF(E11=Lookups!$C$6,3,IF(E11=Lookups!$C$7,4,IF(E11=Lookups!$C$8,5,0))))) -> 0 | S11: Medium | U11: =IF(I11=Lookups!$B$4,1,IF(I11=Lookups!$B$5,2,IF(I11=Lookups!$B$6,3,IF(I11=Lookups!$B$7,4,IF(I11=Lookups!$B$8,5,0))))) -> 0 | V11: =IF(J11=Lookups!$C$4,1,IF(J11=Lookups!$C$5,2,IF(J11=Lookups!$C$6,3,IF(J11=Lookups!$C$7,4,IF(J11=Lookups!$C$8,5,0))))) -> 0
C12: VRUs diverted to a detour route which is an unacceptable length with a lower likelihood of VRUs using the defined route | F12: =IF(P12*Q12=0,$S$14,VLOOKUP(Q12,Lookups!$D$4:$J$8,'Planning Phase'!P12+2)) -> Select L & C | K12: =IF(U12*V12=0,$S$14,VLOOKUP(V12,Lookups!$D$4:$J$8,'Planning Phase'!U12+2)) -> Select L & C | P12: =IF(D12=Lookups!$B$4,1,IF(D12=Lookups!$B$5,2,IF(D12=Lookups!$B$6,3,IF(D12=Lookups!$B$7,4,IF(D12=Lookups!$B$8,5,0))))) -> 0 | Q12: =IF(E12=Lookups!$C$4,1,IF(E12=Lookups!$C$5,2,IF(E12=Lookups!$C$6,3,IF(E12=Lookups!$C$7,4,IF(E12=Lookups!$C$8,5,0))))) -> 0 | S12: Low | U12: =IF(I12=Lookups!$B$4,1,IF(I12=Lookups!$B$5,2,IF(I12=Lookups!$B$6,3,IF(I12=Lookups!$B$7,4,IF(I12=Lookups!$B$8,5,0))))) -> 0 | V12: =IF(J12=Lookups!$C$4,1,IF(J12=Lookups!$C$5,2,IF(J12=Lookups!$C$6,3,IF(J12=Lookups!$C$7,4,IF(J12=Lookups!$C$8,5,0))))) -> 0
C13: VRUs following unfamiliar and illegible paths due to lack of clear direction interact with work site vehicles, equipment or other vehicles moving through the site. | F13: =IF(P13*Q13=0,$S$14,VLOOKUP(Q13,Lookups!$D$4:$J$8,'Planning Phase'!P13+2)) -> Select L & C | K13: =IF(U13*V13=0,$S$14,VLOOKUP(V13,Lookups!$D$4:$J$8,'Planning Phase'!U13+2)) -> Select L & C | P13: =IF(D13=Lookups!$B$4,1,IF(D13=Lookups!$B$5,2,IF(D13=Lookups!$B$6,3,IF(D13=Lookups!$B$7,4,IF(D13=Lookups!$B$8,5,0))))) -> 0 | Q13: =IF(E13=Lookups!$C$4,1,IF(E13=Lookups!$C$5,2,IF(E13=Lookups!$C$6,3,IF(E13=Lookups!$C$7,4,IF(E13=Lookups!$C$8,5,0))))) -> 0 | S13: Negligible | U13: =IF(I13=Lookups!$B$4,1,IF(I13=Lookups!$B$5,2,IF(I13=Lookups!$B$6,3,IF(I13=Lookups!$B$7,4,IF(I13=Lookups!$B$8,5,0))))) -> 0 | V13: =IF(J13=Lookups!$C$4,1,IF(J13=Lookups!$C$5,2,IF(J13=Lookups!$C$6,3,IF(J13=Lookups!$C$7,4,IF(J13=Lookups!$C$8,5,0))))) -> 0
C14: VRUs confused by TTM layout and follow incorrect route into site | F14: =IF(P14*Q14=0,$S$14,VLOOKUP(Q14,Lookups!$D$4:$J$8,'Planning Phase'!P14+2)) -> Select L & C | K14: =IF(U14*V14=0,$S$14,VLOOKUP(V14,Lookups!$D$4:$J$8,'Planning Phase'!U14+2)) -> Select L & C | P14: =IF(D14=Lookups!$B$4,1,IF(D14=Lookups!$B$5,2,IF(D14=Lookups!$B$6,3,IF(D14=Lookups!$B$7,4,IF(D14=Lookups!$B$8,5,0))))) -> 0 | Q14: =IF(E14=Lookups!$C$4,1,IF(E14=Lookups!$C$5,2,IF(E14=Lookups!$C$6,3,IF(E14=Lookups!$C$7,4,IF(E14=Lookups!$C$8,5,0))))) -> 0 | S14: =IF(AC14*AD14=0,"Select L & C",VLOOKUP(AD14,Lookups!Q8:W12,'Planning Phase'!AC14+2)) -> Select L & C | U14: =IF(I14=Lookups!$B$4,1,IF(I14=Lookups!$B$5,2,IF(I14=Lookups!$B$6,3,IF(I14=Lookups!$B$7,4,IF(I14=Lookups!$B$8,5,0))))) -> 0 | V14: =IF(J14=Lookups!$C$4,1,IF(J14=Lookups!$C$5,2,IF(J14=Lookups!$C$6,3,IF(J14=Lookups!$C$7,4,IF(J14=Lookups!$C$8,5,0))))) -> 0
C15: VRUs entering live traffic lanes in unsafe locations | F15: =IF(P15*Q15=0,$S$14,VLOOKUP(Q15,Lookups!$D$4:$J$8,'Planning Phase'!P15+2)) -> Select L & C | K15: =IF(U15*V15=0,$S$14,VLOOKUP(V15,Lookups!$D$4:$J$8,'Planning Phase'!U15+2)) -> Select L & C | P15: =IF(D15=Lookups!$B$4,1,IF(D15=Lookups!$B$5,2,IF(D15=Lookups!$B$6,3,IF(D15=Lookups!$B$7,4,IF(D15=Lookups!$B$8,5,0))))) -> 0 | Q15: =IF(E15=Lookups!$C$4,1,IF(E15=Lookups!$C$5,2,IF(E15=Lookups!$C$6,3,IF(E15=Lookups!$C$7,4,IF(E15=Lookups!$C$8,5,0))))) -> 0 | U15: =IF(I15=Lookups!$B$4,1,IF(I15=Lookups!$B$5,2,IF(I15=Lookups!$B$6,3,IF(I15=Lookups!$B$7,4,IF(I15=Lookups!$B$8,5,0))))) -> 0 | V15: =IF(J15=Lookups!$C$4,1,IF(J15=Lookups!$C$5,2,IF(J15=Lookups!$C$6,3,IF(J15=Lookups!$C$7,4,IF(J15=Lookups!$C$8,5,0))))) -> 0
C16: VRUs confused by TTM layout or path direction is not clear - and follow unsafe route around site | F16: =IF(P16*Q16=0,$S$14,VLOOKUP(Q16,Lookups!$D$4:$J$8,'Planning Phase'!P16+2)) -> Select L & C | K16: =IF(U16*V16=0,$S$14,VLOOKUP(V16,Lookups!$D$4:$J$8,'Planning Phase'!U16+2)) -> Select L & C | P16: =IF(D16=Lookups!$B$4,1,IF(D16=Lookups!$B$5,2,IF(D16=Lookups!$B$6,3,IF(D16=Lookups!$B$7,4,IF(D16=Lookups!$B$8,5,0))))) -> 0 | Q16: =IF(E16=Lookups!$C$4,1,IF(E16=Lookups!$C$5,2,IF(E16=Lookups!$C$6,3,IF(E16=Lookups!$C$7,4,IF(E16=Lookups!$C$8,5,0))))) -> 0 | U16: =IF(I16=Lookups!$B$4,1,IF(I16=Lookups!$B$5,2,IF(I16=Lookups!$B$6,3,IF(I16=Lookups!$B$7,4,IF(I16=Lookups!$B$8,5,0))))) -> 0 | V16: =IF(J16=Lookups!$C$4,1,IF(J16=Lookups!$C$5,2,IF(J16=Lookups!$C$6,3,IF(J16=Lookups!$C$7,4,IF(J16=Lookups!$C$8,5,0))))) -> 0
B17: Works impact on existing crossings resulting in VRU unable to use the existing crossing route | C17: Altered crossing is not clear to path users leading to unpredictable pedestrian behaviour when crossing roads | F17: =IF(P17*Q17=0,$S$14,VLOOKUP(Q17,Lookups!$D$4:$J$8,'Planning Phase'!P17+2)) -> Select L & C | K17: =IF(U17*V17=0,$S$14,VLOOKUP(V17,Lookups!$D$4:$J$8,'Planning Phase'!U17+2)) -> Select L & C | P17: =IF(D17=Lookups!$B$4,1,IF(D17=Lookups!$B$5,2,IF(D17=Lookups!$B$6,3,IF(D17=Lookups!$B$7,4,IF(D17=Lookups!$B$8,5,0))))) -> 0 | Q17: =IF(E17=Lookups!$C$4,1,IF(E17=Lookups!$C$5,2,IF(E17=Lookups!$C$6,3,IF(E17=Lookups!$C$7,4,IF(E17=Lookups!$C$8,5,0))))) -> 0 | U17: =IF(I17=Lookups!$B$4,1,IF(I17=Lookups!$B$5,2,IF(I17=Lookups!$B$6,3,IF(I17=Lookups!$B$7,4,IF(I17=Lookups!$B$8,5,0))))) -> 0 | V17: =IF(J17=Lookups!$C$4,1,IF(J17=Lookups!$C$5,2,IF(J17=Lookups!$C$6,3,IF(J17=Lookups!$C$7,4,IF(J17=Lookups!$C$8,5,0))))) -> 0
C18: Safe school crossing practices compromised resulting in children crossing the road in an an unsafe and unpredictable manner in and around the site | F18: =IF(P18*Q18=0,$S$14,VLOOKUP(Q18,Lookups!$D$4:$J$8,'Planning Phase'!P18+2)) -> Select L & C | K18: =IF(U18*V18=0,$S$14,VLOOKUP(V18,Lookups!$D$4:$J$8,'Planning Phase'!U18+2)) -> Select L & C | P18: =IF(D18=Lookups!$B$4,1,IF(D18=Lookups!$B$5,2,IF(D18=Lookups!$B$6,3,IF(D18=Lookups!$B$7,4,IF(D18=Lookups!$B$8,5,0))))) -> 0 | Q18: =IF(E18=Lookups!$C$4,1,IF(E18=Lookups!$C$5,2,IF(E18=Lookups!$C$6,3,IF(E18=Lookups!$C$7,4,IF(E18=Lookups!$C$8,5,0))))) -> 0 | U18: =IF(I18=Lookups!$B$4,1,IF(I18=Lookups!$B$5,2,IF(I18=Lookups!$B$6,3,IF(I18=Lookups!$B$7,4,IF(I18=Lookups!$B$8,5,0))))) -> 0 | V18: =IF(J18=Lookups!$C$4,1,IF(J18=Lookups!$C$5,2,IF(J18=Lookups!$C$6,3,IF(J18=Lookups!$C$7,4,IF(J18=Lookups!$C$8,5,0))))) -> 0
B19: Schools, clubs or other facilities that may generate high volumes of pedestrian or cycle traffic | C19: Temporary or impacted path route has inadequate capacity leading to VRUs crossing at unsafe locations or travelling along the road leading to conflicts between path users and traffic, or to conflicts between VRUs and worksite hazards, plant movements or unsuitable routes | F19: =IF(P19*Q19=0,$S$14,VLOOKUP(Q19,Lookups!$D$4:$J$8,'Planning Phase'!P19+2)) -> Select L & C | K19: =IF(U19*V19=0,$S$14,VLOOKUP(V19,Lookups!$D$4:$J$8,'Planning Phase'!U19+2)) -> Select L & C | P19: =IF(D19=Lookups!$B$4,1,IF(D19=Lookups!$B$5,2,IF(D19=Lookups!$B$6,3,IF(D19=Lookups!$B$7,4,IF(D19=Lookups!$B$8,5,0))))) -> 0 | Q19: =IF(E19=Lookups!$C$4,1,IF(E19=Lookups!$C$5,2,IF(E19=Lookups!$C$6,3,IF(E19=Lookups!$C$7,4,IF(E19=Lookups!$C$8,5,0))))) -> 0 | U19: =IF(I19=Lookups!$B$4,1,IF(I19=Lookups!$B$5,2,IF(I19=Lookups!$B$6,3,IF(I19=Lookups!$B$7,4,IF(I19=Lookups!$B$8,5,0))))) -> 0 | V19: =IF(J19=Lookups!$C$4,1,IF(J19=Lookups!$C$5,2,IF(J19=Lookups!$C$6,3,IF(J19=Lookups!$C$7,4,IF(J19=Lookups!$C$8,5,0))))) -> 0
B20: Facilities such as hotels or taverns where pedestrians may have their judgement impaired | C20: VRUs may be confused by temporary alternative routes and enter the worksite of live traffic lanes at unsafe locations | F20: =IF(P20*Q20=0,$S$14,VLOOKUP(Q20,Lookups!$D$4:$J$8,'Planning Phase'!P20+2)) -> Select L & C | K20: =IF(U20*V20=0,$S$14,VLOOKUP(V20,Lookups!$D$4:$J$8,'Planning Phase'!U20+2)) -> Select L & C
B21: High cycle volumes on road or in defined bicycle lane / shoulder which is impacted by works | C21: Cyclist transition to footpath does not occur at a safe location leading to possible cyclist injury or conflict with other path users | F21: =IF(P21*Q21=0,$S$14,VLOOKUP(Q21,Lookups!$D$4:$J$8,'Planning Phase'!P21+2)) -> Select L & C | K21: =IF(U21*V21=0,$S$14,VLOOKUP(V21,Lookups!$D$4:$J$8,'Planning Phase'!U21+2)) -> Select L & C
C22: Cyclist merge with general traffic lanes at unsafe location or in unsafe manner leading to collision with other road vehicles. | F22: =IF(P22*Q22=0,$S$14,VLOOKUP(Q22,Lookups!$D$4:$J$8,'Planning Phase'!P22+2)) -> Select L & C | K22: =IF(U22*V22=0,$S$14,VLOOKUP(V22,Lookups!$D$4:$J$8,'Planning Phase'!U22+2)) -> Select L & C | P22: =IF(D22=Lookups!$B$4,1,IF(D22=Lookups!$B$5,2,IF(D22=Lookups!$B$6,3,IF(D22=Lookups!$B$7,4,IF(D22=Lookups!$B$8,5,0))))) -> 0 | Q22: =IF(E22=Lookups!$C$4,1,IF(E22=Lookups!$C$5,2,IF(E22=Lookups!$C$6,3,IF(E22=Lookups!$C$7,4,IF(E22=Lookups!$C$8,5,0))))) -> 0 | U22: =IF(I22=Lookups!$B$4,1,IF(I22=Lookups!$B$5,2,IF(I22=Lookups!$B$6,3,IF(I22=Lookups!$B$7,4,IF(I22=Lookups!$B$8,5,0))))) -> 0 | V22: =IF(J22=Lookups!$C$4,1,IF(J22=Lookups!$C$5,2,IF(J22=Lookups!$C$6,3,IF(J22=Lookups!$C$7,4,IF(J22=Lookups!$C$8,5,0))))) -> 0
B23: Traffic Impacts | P23: =IF(D23=Lookups!$B$4,1,IF(D23=Lookups!$B$5,2,IF(D23=Lookups!$B$6,3,IF(D23=Lookups!$B$7,4,IF(D23=Lookups!$B$8,5,0))))) -> 0 | Q23: =IF(E23=Lookups!$C$4,1,IF(E23=Lookups!$C$5,2,IF(E23=Lookups!$C$6,3,IF(E23=Lookups!$C$7,4,IF(E23=Lookups!$C$8,5,0))))) -> 0 | U23: =IF(I23=Lookups!$B$4,1,IF(I23=Lookups!$B$5,2,IF(I23=Lookups!$B$6,3,IF(I23=Lookups!$B$7,4,IF(I23=Lookups!$B$8,5,0))))) -> 0 | V23: =IF(J23=Lookups!$C$4,1,IF(J23=Lookups!$C$5,2,IF(J23=Lookups!$C$6,3,IF(J23=Lookups!$C$7,4,IF(J23=Lookups!$C$8,5,0))))) -> 0
B24: Excessive length of worksite, including rural areas | C24: Dangerous / agressive driver behaviour resulting from excessive length of queues because of time needed to manage reversible flow leading to lack of community / road user acceptance of the worksite | F24: =IF(P24*Q24=0,$S$14,VLOOKUP(Q24,Lookups!$D$4:$J$8,'Planning Phase'!P24+2)) -> Select L & C | K24: =IF(U24*V24=0,$S$14,VLOOKUP(V24,Lookups!$D$4:$J$8,'Planning Phase'!U24+2)) -> Select L & C | P24: =IF(D24=Lookups!$B$4,1,IF(D24=Lookups!$B$5,2,IF(D24=Lookups!$B$6,3,IF(D24=Lookups!$B$7,4,IF(D24=Lookups!$B$8,5,0))))) -> 0 | Q24: =IF(E24=Lookups!$C$4,1,IF(E24=Lookups!$C$5,2,IF(E24=Lookups!$C$6,3,IF(E24=Lookups!$C$7,4,IF(E24=Lookups!$C$8,5,0))))) -> 0 | U24: =IF(I24=Lookups!$B$4,1,IF(I24=Lookups!$B$5,2,IF(I24=Lookups!$B$6,3,IF(I24=Lookups!$B$7,4,IF(I24=Lookups!$B$8,5,0))))) -> 0 | V24: =IF(J24=Lookups!$C$4,1,IF(J24=Lookups!$C$5,2,IF(J24=Lookups!$C$6,3,IF(J24=Lookups!$C$7,4,IF(J24=Lookups!$C$8,5,0))))) -> 0
C25: Infrequently used property access in the middle of the site may not be adequately monitored resulting in unsafe site entry | F25: =IF(P25*Q25=0,$S$14,VLOOKUP(Q25,Lookups!$D$4:$J$8,'Planning Phase'!P25+2)) -> Select L & C | K25: =IF(U25*V25=0,$S$14,VLOOKUP(V25,Lookups!$D$4:$J$8,'Planning Phase'!U25+2)) -> Select L & C | P25: =IF(D25=Lookups!$B$4,1,IF(D25=Lookups!$B$5,2,IF(D25=Lookups!$B$6,3,IF(D25=Lookups!$B$7,4,IF(D25=Lookups!$B$8,5,0))))) -> 0 | Q25: =IF(E25=Lookups!$C$4,1,IF(E25=Lookups!$C$5,2,IF(E25=Lookups!$C$6,3,IF(E25=Lookups!$C$7,4,IF(E25=Lookups!$C$8,5,0))))) -> 0 | U25: =IF(I25=Lookups!$B$4,1,IF(I25=Lookups!$B$5,2,IF(I25=Lookups!$B$6,3,IF(I25=Lookups!$B$7,4,IF(I25=Lookups!$B$8,5,0))))) -> 0 | V25: =IF(J25=Lookups!$C$4,1,IF(J25=Lookups!$C$5,2,IF(J25=Lookups!$C$6,3,IF(J25=Lookups!$C$7,4,IF(J25=Lookups!$C$8,5,0))))) -> 0
C26: Long queues combined with inadequate warning of traffic queue results in collision at end of queue | F26: =IF(P26*Q26=0,$S$14,VLOOKUP(Q26,Lookups!$D$4:$J$8,'Planning Phase'!P26+2)) -> Select L & C | K26: =IF(U26*V26=0,$S$14,VLOOKUP(V26,Lookups!$D$4:$J$8,'Planning Phase'!U26+2)) -> Select L & C | P26: =IF(D26=Lookups!$B$4,1,IF(D26=Lookups!$B$5,2,IF(D26=Lookups!$B$6,3,IF(D26=Lookups!$B$7,4,IF(D26=Lookups!$B$8,5,0))))) -> 0 | Q26: =IF(E26=Lookups!$C$4,1,IF(E26=Lookups!$C$5,2,IF(E26=Lookups!$C$6,3,IF(E26=Lookups!$C$7,4,IF(E26=Lookups!$C$8,5,0))))) -> 0 | U26: =IF(I26=Lookups!$B$4,1,IF(I26=Lookups!$B$5,2,IF(I26=Lookups!$B$6,3,IF(I26=Lookups!$B$7,4,IF(I26=Lookups!$B$8,5,0))))) -> 0 | V26: =IF(J26=Lookups!$C$4,1,IF(J26=Lookups!$C$5,2,IF(J26=Lookups!$C$6,3,IF(J26=Lookups!$C$7,4,IF(J26=Lookups!$C$8,5,0))))) -> 0
B27: Detouring of traffic from a major or multi-lane road | C27: Volume of detoured traffic has unacceptable impact on surrounding areas including - property and business access is compromised - Increased volume of traffic on residential streets leading to compromised safety outcomes for residents | F27: =IF(P27*Q27=0,$S$14,VLOOKUP(Q27,Lookups!$D$4:$J$8,'Planning Phase'!P27+2)) -> Select L & C | K27: =IF(U27*V27=0,$S$14,VLOOKUP(V27,Lookups!$D$4:$J$8,'Planning Phase'!U27+2)) -> Select L & C | P27: =IF(D27=Lookups!$B$4,1,IF(D27=Lookups!$B$5,2,IF(D27=Lookups!$B$6,3,IF(D27=Lookups!$B$7,4,IF(D27=Lookups!$B$8,5,0))))) -> 0 | Q27: =IF(E27=Lookups!$C$4,1,IF(E27=Lookups!$C$5,2,IF(E27=Lookups!$C$6,3,IF(E27=Lookups!$C$7,4,IF(E27=Lookups!$C$8,5,0))))) -> 0 | U27: =IF(I27=Lookups!$B$4,1,IF(I27=Lookups!$B$5,2,IF(I27=Lookups!$B$6,3,IF(I27=Lookups!$B$7,4,IF(I27=Lookups!$B$8,5,0))))) -> 0 | V27: =IF(J27=Lookups!$C$4,1,IF(J27=Lookups!$C$5,2,IF(J27=Lookups!$C$6,3,IF(J27=Lookups!$C$7,4,IF(J27=Lookups!$C$8,5,0))))) -> 0
C28: Detoured traffic experiences unacceptable delays | F28: =IF(P28*Q28=0,$S$14,VLOOKUP(Q28,Lookups!$D$4:$J$8,'Planning Phase'!P28+2)) -> Select L & C | K28: =IF(U28*V28=0,$S$14,VLOOKUP(V28,Lookups!$D$4:$J$8,'Planning Phase'!U28+2)) -> Select L & C | P28: =IF(D28=Lookups!$B$4,1,IF(D28=Lookups!$B$5,2,IF(D28=Lookups!$B$6,3,IF(D28=Lookups!$B$7,4,IF(D28=Lookups!$B$8,5,0))))) -> 0 | Q28: =IF(E28=Lookups!$C$4,1,IF(E28=Lookups!$C$5,2,IF(E28=Lookups!$C$6,3,IF(E28=Lookups!$C$7,4,IF(E28=Lookups!$C$8,5,0))))) -> 0 | U28: =IF(I28=Lookups!$B$4,1,IF(I28=Lookups!$B$5,2,IF(I28=Lookups!$B$6,3,IF(I28=Lookups!$B$7,4,IF(I28=Lookups!$B$8,5,0))))) -> 0 | V28: =IF(J28=Lookups!$C$4,1,IF(J28=Lookups!$C$5,2,IF(J28=Lookups!$C$6,3,IF(J28=Lookups!$C$7,4,IF(J28=Lookups!$C$8,5,0))))) -> 0
B29: Detouring of traffic onto roads with height, length or weight restrictions | C29: Some detoured vehicles cannot negotiate the defined detour creating - delays and congestion while reversing or turning - damage to infrastructure - collisions with other vehicles | F29: =IF(P29*Q29=0,$S$14,VLOOKUP(Q29,Lookups!$D$4:$J$8,'Planning Phase'!P29+2)) -> Select L & C | K29: =IF(U29*V29=0,$S$14,VLOOKUP(V29,Lookups!$D$4:$J$8,'Planning Phase'!U29+2)) -> Select L & C | P29: =IF(D29=Lookups!$B$4,1,IF(D29=Lookups!$B$5,2,IF(D29=Lookups!$B$6,3,IF(D29=Lookups!$B$7,4,IF(D29=Lookups!$B$8,5,0))))) -> 0 | Q29: =IF(E29=Lookups!$C$4,1,IF(E29=Lookups!$C$5,2,IF(E29=Lookups!$C$6,3,IF(E29=Lookups!$C$7,4,IF(E29=Lookups!$C$8,5,0))))) -> 0 | U29: =IF(I29=Lookups!$B$4,1,IF(I29=Lookups!$B$5,2,IF(I29=Lookups!$B$6,3,IF(I29=Lookups!$B$7,4,IF(I29=Lookups!$B$8,5,0))))) -> 0 | V29: =IF(J29=Lookups!$C$4,1,IF(J29=Lookups!$C$5,2,IF(J29=Lookups!$C$6,3,IF(J29=Lookups!$C$7,4,IF(J29=Lookups!$C$8,5,0))))) -> 0
B30: Works lead to excessive and unacceptable traffic queues and delays. Can be due to - not maintaining min available req. lanes - closure of high volume roads | C30: Aggressive driver behaviour and lack of community acceptance of worksite | F30: =IF(P30*Q30=0,$S$14,VLOOKUP(Q30,Lookups!$D$4:$J$8,'Planning Phase'!P30+2)) -> Select L & C | K30: =IF(U30*V30=0,$S$14,VLOOKUP(V30,Lookups!$D$4:$J$8,'Planning Phase'!U30+2)) -> Select L & C | P30: =IF(D30=Lookups!$B$4,1,IF(D30=Lookups!$B$5,2,IF(D30=Lookups!$B$6,3,IF(D30=Lookups!$B$7,4,IF(D30=Lookups!$B$8,5,0))))) -> 0 | Q30: =IF(E30=Lookups!$C$4,1,IF(E30=Lookups!$C$5,2,IF(E30=Lookups!$C$6,3,IF(E30=Lookups!$C$7,4,IF(E30=Lookups!$C$8,5,0))))) -> 0 | U30: =IF(I30=Lookups!$B$4,1,IF(I30=Lookups!$B$5,2,IF(I30=Lookups!$B$6,3,IF(I30=Lookups!$B$7,4,IF(I30=Lookups!$B$8,5,0))))) -> 0 | V30: =IF(J30=Lookups!$C$4,1,IF(J30=Lookups!$C$5,2,IF(J30=Lookups!$C$6,3,IF(J30=Lookups!$C$7,4,IF(J30=Lookups!$C$8,5,0))))) -> 0
C31: Traffic volumes not suitably accommodaed leading to congestion / delays exceeds allowable levels | F31: =IF(P31*Q31=0,$S$14,VLOOKUP(Q31,Lookups!$D$4:$J$8,'Planning Phase'!P31+2)) -> Select L & C | K31: =IF(U31*V31=0,$S$14,VLOOKUP(V31,Lookups!$D$4:$J$8,'Planning Phase'!U31+2)) -> Select L & C | P31: =IF(D31=Lookups!$B$4,1,IF(D31=Lookups!$B$5,2,IF(D31=Lookups!$B$6,3,IF(D31=Lookups!$B$7,4,IF(D31=Lookups!$B$8,5,0))))) -> 0 | Q31: =IF(E31=Lookups!$C$4,1,IF(E31=Lookups!$C$5,2,IF(E31=Lookups!$C$6,3,IF(E31=Lookups!$C$7,4,IF(E31=Lookups!$C$8,5,0))))) -> 0 | U31: =IF(I31=Lookups!$B$4,1,IF(I31=Lookups!$B$5,2,IF(I31=Lookups!$B$6,3,IF(I31=Lookups!$B$7,4,IF(I31=Lookups!$B$8,5,0))))) -> 0 | V31: =IF(J31=Lookups!$C$4,1,IF(J31=Lookups!$C$5,2,IF(J31=Lookups!$C$6,3,IF(J31=Lookups!$C$7,4,IF(J31=Lookups!$C$8,5,0))))) -> 0
C32: Extended queue lengths, or road alignment factors affect sight distance to the end of queue, leads to netowrk crash risks | F32: =IF(P32*Q32=0,$S$14,VLOOKUP(Q32,Lookups!$D$4:$J$8,'Planning Phase'!P32+2)) -> Select L & C | K32: =IF(U32*V32=0,$S$14,VLOOKUP(V32,Lookups!$D$4:$J$8,'Planning Phase'!U32+2)) -> Select L & C | P32: =IF(D32=Lookups!$B$4,1,IF(D32=Lookups!$B$5,2,IF(D32=Lookups!$B$6,3,IF(D32=Lookups!$B$7,4,IF(D32=Lookups!$B$8,5,0))))) -> 0 | Q32: =IF(E32=Lookups!$C$4,1,IF(E32=Lookups!$C$5,2,IF(E32=Lookups!$C$6,3,IF(E32=Lookups!$C$7,4,IF(E32=Lookups!$C$8,5,0))))) -> 0 | U32: =IF(I32=Lookups!$B$4,1,IF(I32=Lookups!$B$5,2,IF(I32=Lookups!$B$6,3,IF(I32=Lookups!$B$7,4,IF(I32=Lookups!$B$8,5,0))))) -> 0 | V32: =IF(J32=Lookups!$C$4,1,IF(J32=Lookups!$C$5,2,IF(J32=Lookups!$C$6,3,IF(J32=Lookups!$C$7,4,IF(J32=Lookups!$C$8,5,0))))) -> 0
C33: Volume of traffic in remaining lanes is unacceptably high leading to traffic queues extend through nearby intersections / roundabouts | F33: =IF(P33*Q33=0,$S$14,VLOOKUP(Q33,Lookups!$D$4:$J$8,'Planning Phase'!P33+2)) -> Select L & C | K33: =IF(U33*V33=0,$S$14,VLOOKUP(V33,Lookups!$D$4:$J$8,'Planning Phase'!U33+2)) -> Select L & C | P33: =IF(D33=Lookups!$B$4,1,IF(D33=Lookups!$B$5,2,IF(D33=Lookups!$B$6,3,IF(D33=Lookups!$B$7,4,IF(D33=Lookups!$B$8,5,0))))) -> 0 | Q33: =IF(E33=Lookups!$C$4,1,IF(E33=Lookups!$C$5,2,IF(E33=Lookups!$C$6,3,IF(E33=Lookups!$C$7,4,IF(E33=Lookups!$C$8,5,0))))) -> 0 | U33: =IF(I33=Lookups!$B$4,1,IF(I33=Lookups!$B$5,2,IF(I33=Lookups!$B$6,3,IF(I33=Lookups!$B$7,4,IF(I33=Lookups!$B$8,5,0))))) -> 0 | V33: =IF(J33=Lookups!$C$4,1,IF(J33=Lookups!$C$5,2,IF(J33=Lookups!$C$6,3,IF(J33=Lookups!$C$7,4,IF(J33=Lookups!$C$8,5,0))))) -> 0
B34: Interference with the operation of permanent traffic signals | C34: Compromised legibility of traffic controls for road users leads to road user confusion leading to increased likelihood of traffic incidents | F34: =IF(P34*Q34=0,$S$14,VLOOKUP(Q34,Lookups!$D$4:$J$8,'Planning Phase'!P34+2)) -> Select L & C | K34: =IF(U34*V34=0,$S$14,VLOOKUP(V34,Lookups!$D$4:$J$8,'Planning Phase'!U34+2)) -> Select L & C | P34: =IF(D34=Lookups!$B$4,1,IF(D34=Lookups!$B$5,2,IF(D34=Lookups!$B$6,3,IF(D34=Lookups!$B$7,4,IF(D34=Lookups!$B$8,5,0))))) -> 0 | Q34: =IF(E34=Lookups!$C$4,1,IF(E34=Lookups!$C$5,2,IF(E34=Lookups!$C$6,3,IF(E34=Lookups!$C$7,4,IF(E34=Lookups!$C$8,5,0))))) -> 0 | U34: =IF(I34=Lookups!$B$4,1,IF(I34=Lookups!$B$5,2,IF(I34=Lookups!$B$6,3,IF(I34=Lookups!$B$7,4,IF(I34=Lookups!$B$8,5,0))))) -> 0 | V34: =IF(J34=Lookups!$C$4,1,IF(J34=Lookups!$C$5,2,IF(J34=Lookups!$C$6,3,IF(J34=Lookups!$C$7,4,IF(J34=Lookups!$C$8,5,0))))) -> 0
C35: Increased congestion due to works results in queued traffic through signalised intersections leading to unsafe operation of the intersection | F35: =IF(P35*Q35=0,$S$14,VLOOKUP(Q35,Lookups!$D$4:$J$8,'Planning Phase'!P35+2)) -> Select L & C | K35: =IF(U35*V35=0,$S$14,VLOOKUP(V35,Lookups!$D$4:$J$8,'Planning Phase'!U35+2)) -> Select L & C | P35: =IF(D35=Lookups!$B$4,1,IF(D35=Lookups!$B$5,2,IF(D35=Lookups!$B$6,3,IF(D35=Lookups!$B$7,4,IF(D35=Lookups!$B$8,5,0))))) -> 0 | Q35: =IF(E35=Lookups!$C$4,1,IF(E35=Lookups!$C$5,2,IF(E35=Lookups!$C$6,3,IF(E35=Lookups!$C$7,4,IF(E35=Lookups!$C$8,5,0))))) -> 0 | U35: =IF(I35=Lookups!$B$4,1,IF(I35=Lookups!$B$5,2,IF(I35=Lookups!$B$6,3,IF(I35=Lookups!$B$7,4,IF(I35=Lookups!$B$8,5,0))))) -> 0 | V35: =IF(J35=Lookups!$C$4,1,IF(J35=Lookups!$C$5,2,IF(J35=Lookups!$C$6,3,IF(J35=Lookups!$C$7,4,IF(J35=Lookups!$C$8,5,0))))) -> 0
B36: Closure of turning movements and banning of movements at intersections | C36: Closure of turning movements with no clear alternative leads to road user confusion and increased likelihood of traffic incidents | F36: =IF(P36*Q36=0,$S$14,VLOOKUP(Q36,Lookups!$D$4:$J$8,'Planning Phase'!P36+2)) -> Select L & C | K36: =IF(U36*V36=0,$S$14,VLOOKUP(V36,Lookups!$D$4:$J$8,'Planning Phase'!U36+2)) -> Select L & C | P36: =IF(D36=Lookups!$B$4,1,IF(D36=Lookups!$B$5,2,IF(D36=Lookups!$B$6,3,IF(D36=Lookups!$B$7,4,IF(D36=Lookups!$B$8,5,0))))) -> 0 | Q36: =IF(E36=Lookups!$C$4,1,IF(E36=Lookups!$C$5,2,IF(E36=Lookups!$C$6,3,IF(E36=Lookups!$C$7,4,IF(E36=Lookups!$C$8,5,0))))) -> 0 | U36: =IF(I36=Lookups!$B$4,1,IF(I36=Lookups!$B$5,2,IF(I36=Lookups!$B$6,3,IF(I36=Lookups!$B$7,4,IF(I36=Lookups!$B$8,5,0))))) -> 0 | V36: =IF(J36=Lookups!$C$4,1,IF(J36=Lookups!$C$5,2,IF(J36=Lookups!$C$6,3,IF(J36=Lookups!$C$7,4,IF(J36=Lookups!$C$8,5,0))))) -> 0
C37: Volume of detoured traffic has unacceptable impact on surrounding areas including - property and business access is compromised - Increased congestion on other parts of the road network leading to compromised safety outcomes | F37: =IF(P37*Q37=0,$S$14,VLOOKUP(Q37,Lookups!$D$4:$J$8,'Planning Phase'!P37+2)) -> Select L & C | K37: =IF(U37*V37=0,$S$14,VLOOKUP(V37,Lookups!$D$4:$J$8,'Planning Phase'!U37+2)) -> Select L & C | P37: =IF(D37=Lookups!$B$4,1,IF(D37=Lookups!$B$5,2,IF(D37=Lookups!$B$6,3,IF(D37=Lookups!$B$7,4,IF(D37=Lookups!$B$8,5,0))))) -> 0 | Q37: =IF(E37=Lookups!$C$4,1,IF(E37=Lookups!$C$5,2,IF(E37=Lookups!$C$6,3,IF(E37=Lookups!$C$7,4,IF(E37=Lookups!$C$8,5,0))))) -> 0 | U37: =IF(I37=Lookups!$B$4,1,IF(I37=Lookups!$B$5,2,IF(I37=Lookups!$B$6,3,IF(I37=Lookups!$B$7,4,IF(I37=Lookups!$B$8,5,0))))) -> 0 | V37: =IF(J37=Lookups!$C$4,1,IF(J37=Lookups!$C$5,2,IF(J37=Lookups!$C$6,3,IF(J37=Lookups!$C$7,4,IF(J37=Lookups!$C$8,5,0))))) -> 0
B38: Speed choices | P38: =IF(D38=Lookups!$B$4,1,IF(D38=Lookups!$B$5,2,IF(D38=Lookups!$B$6,3,IF(D38=Lookups!$B$7,4,IF(D38=Lookups!$B$8,5,0))))) -> 0 | Q38: =IF(E38=Lookups!$C$4,1,IF(E38=Lookups!$C$5,2,IF(E38=Lookups!$C$6,3,IF(E38=Lookups!$C$7,4,IF(E38=Lookups!$C$8,5,0))))) -> 0 | U38: =IF(I38=Lookups!$B$4,1,IF(I38=Lookups!$B$5,2,IF(I38=Lookups!$B$6,3,IF(I38=Lookups!$B$7,4,IF(I38=Lookups!$B$8,5,0))))) -> 0 | V38: =IF(J38=Lookups!$C$4,1,IF(J38=Lookups!$C$5,2,IF(J38=Lookups!$C$6,3,IF(J38=Lookups!$C$7,4,IF(J38=Lookups!$C$8,5,0))))) -> 0
B39: Reductions in speed limits, considering the safety of workers and road users are not considered credible to drivers | C39: Road users travel at inappropriate speeds due to lack of understanding of applicable speed limits leads to increased likelihood and severity of incidents | F39: =IF(P39*Q39=0,$S$14,VLOOKUP(Q39,Lookups!$D$4:$J$8,'Planning Phase'!P39+2)) -> Select L & C | K39: =IF(U39*V39=0,$S$14,VLOOKUP(V39,Lookups!$D$4:$J$8,'Planning Phase'!U39+2)) -> Select L & C | P39: =IF(D39=Lookups!$B$4,1,IF(D39=Lookups!$B$5,2,IF(D39=Lookups!$B$6,3,IF(D39=Lookups!$B$7,4,IF(D39=Lookups!$B$8,5,0))))) -> 0 | Q39: =IF(E39=Lookups!$C$4,1,IF(E39=Lookups!$C$5,2,IF(E39=Lookups!$C$6,3,IF(E39=Lookups!$C$7,4,IF(E39=Lookups!$C$8,5,0))))) -> 0 | U39: =IF(I39=Lookups!$B$4,1,IF(I39=Lookups!$B$5,2,IF(I39=Lookups!$B$6,3,IF(I39=Lookups!$B$7,4,IF(I39=Lookups!$B$8,5,0))))) -> 0 | V39: =IF(J39=Lookups!$C$4,1,IF(J39=Lookups!$C$5,2,IF(J39=Lookups!$C$6,3,IF(J39=Lookups!$C$7,4,IF(J39=Lookups!$C$8,5,0))))) -> 0
B40: Special work speed limits less than 40km/h required for specific hazards | C40: Road users travel at inappropriate speeds due to lack of understanding of applicable speed limits leads to increased likelihood and severity of incidents | F40: =IF(P40*Q40=0,$S$14,VLOOKUP(Q40,Lookups!$D$4:$J$8,'Planning Phase'!P40+2)) -> Select L & C | K40: =IF(U40*V40=0,$S$14,VLOOKUP(V40,Lookups!$D$4:$J$8,'Planning Phase'!U40+2)) -> Select L & C | P40: =IF(D40=Lookups!$B$4,1,IF(D40=Lookups!$B$5,2,IF(D40=Lookups!$B$6,3,IF(D40=Lookups!$B$7,4,IF(D40=Lookups!$B$8,5,0))))) -> 0 | Q40: =IF(E40=Lookups!$C$4,1,IF(E40=Lookups!$C$5,2,IF(E40=Lookups!$C$6,3,IF(E40=Lookups!$C$7,4,IF(E40=Lookups!$C$8,5,0))))) -> 0 | U40: =IF(I40=Lookups!$B$4,1,IF(I40=Lookups!$B$5,2,IF(I40=Lookups!$B$6,3,IF(I40=Lookups!$B$7,4,IF(I40=Lookups!$B$8,5,0))))) -> 0 | V40: =IF(J40=Lookups!$C$4,1,IF(J40=Lookups!$C$5,2,IF(J40=Lookups!$C$6,3,IF(J40=Lookups!$C$7,4,IF(J40=Lookups!$C$8,5,0))))) -> 0
B41: Worksite operations | P41: =IF(D41=Lookups!$B$4,1,IF(D41=Lookups!$B$5,2,IF(D41=Lookups!$B$6,3,IF(D41=Lookups!$B$7,4,IF(D41=Lookups!$B$8,5,0))))) -> 0 | Q41: =IF(E41=Lookups!$C$4,1,IF(E41=Lookups!$C$5,2,IF(E41=Lookups!$C$6,3,IF(E41=Lookups!$C$7,4,IF(E41=Lookups!$C$8,5,0))))) -> 0 | U41: =IF(I41=Lookups!$B$4,1,IF(I41=Lookups!$B$5,2,IF(I41=Lookups!$B$6,3,IF(I41=Lookups!$B$7,4,IF(I41=Lookups!$B$8,5,0))))) -> 0 | V41: =IF(J41=Lookups!$C$4,1,IF(J41=Lookups!$C$5,2,IF(J41=Lookups!$C$6,3,IF(J41=Lookups!$C$7,4,IF(J41=Lookups!$C$8,5,0))))) -> 0
B42: Site in operation during times of night / low visibility | C42: Sight distance or vision of road user compromised on approach to worksite results in road user unable to respond in a timely manner to the hazard ahead | F42: =IF(P42*Q42=0,$S$14,VLOOKUP(Q42,Lookups!$D$4:$J$8,'Planning Phase'!P42+2)) -> Select L & C | K42: =IF(U42*V42=0,$S$14,VLOOKUP(V42,Lookups!$D$4:$J$8,'Planning Phase'!U42+2)) -> Select L & C | P42: =IF(D42=Lookups!$B$4,1,IF(D42=Lookups!$B$5,2,IF(D42=Lookups!$B$6,3,IF(D42=Lookups!$B$7,4,IF(D42=Lookups!$B$8,5,0))))) -> 0 | Q42: =IF(E42=Lookups!$C$4,1,IF(E42=Lookups!$C$5,2,IF(E42=Lookups!$C$6,3,IF(E42=Lookups!$C$7,4,IF(E42=Lookups!$C$8,5,0))))) -> 0 | U42: =IF(I42=Lookups!$B$4,1,IF(I42=Lookups!$B$5,2,IF(I42=Lookups!$B$6,3,IF(I42=Lookups!$B$7,4,IF(I42=Lookups!$B$8,5,0))))) -> 0 | V42: =IF(J42=Lookups!$C$4,1,IF(J42=Lookups!$C$5,2,IF(J42=Lookups!$C$6,3,IF(J42=Lookups!$C$7,4,IF(J42=Lookups!$C$8,5,0))))) -> 0
B43: Periods in which work can and cannot occur | C43: Work occurs at inappropriate times of the day - Disruption of residential areas - Interference with known peak traffic times - Frequent interference with usual business activity - Dust and noise impacts on surrounding areas | F43: =IF(P43*Q43=0,$S$14,VLOOKUP(Q43,Lookups!$D$4:$J$8,'Planning Phase'!P43+2)) -> Select L & C | K43: =IF(U43*V43=0,$S$14,VLOOKUP(V43,Lookups!$D$4:$J$8,'Planning Phase'!U43+2)) -> Select L & C | P43: =IF(D43=Lookups!$B$4,1,IF(D43=Lookups!$B$5,2,IF(D43=Lookups!$B$6,3,IF(D43=Lookups!$B$7,4,IF(D43=Lookups!$B$8,5,0))))) -> 0 | Q43: =IF(E43=Lookups!$C$4,1,IF(E43=Lookups!$C$5,2,IF(E43=Lookups!$C$6,3,IF(E43=Lookups!$C$7,4,IF(E43=Lookups!$C$8,5,0))))) -> 0 | U43: =IF(I43=Lookups!$B$4,1,IF(I43=Lookups!$B$5,2,IF(I43=Lookups!$B$6,3,IF(I43=Lookups!$B$7,4,IF(I43=Lookups!$B$8,5,0))))) -> 0 | V43: =IF(J43=Lookups!$C$4,1,IF(J43=Lookups!$C$5,2,IF(J43=Lookups!$C$6,3,IF(J43=Lookups!$C$7,4,IF(J43=Lookups!$C$8,5,0))))) -> 0
B44: TMP implemention for excessive time within a single shift | C44: Staff fatigue leads to decreased concentration of road workers leading to increased likelihood of incidents | F44: =IF(P44*Q44=0,$S$14,VLOOKUP(Q44,Lookups!$D$4:$J$8,'Planning Phase'!P44+2)) -> Select L & C | K44: =IF(U44*V44=0,$S$14,VLOOKUP(V44,Lookups!$D$4:$J$8,'Planning Phase'!U44+2)) -> Select L & C | P44: =IF(D44=Lookups!$B$4,1,IF(D44=Lookups!$B$5,2,IF(D44=Lookups!$B$6,3,IF(D44=Lookups!$B$7,4,IF(D44=Lookups!$B$8,5,0))))) -> 0 | Q44: =IF(E44=Lookups!$C$4,1,IF(E44=Lookups!$C$5,2,IF(E44=Lookups!$C$6,3,IF(E44=Lookups!$C$7,4,IF(E44=Lookups!$C$8,5,0))))) -> 0 | U44: =IF(I44=Lookups!$B$4,1,IF(I44=Lookups!$B$5,2,IF(I44=Lookups!$B$6,3,IF(I44=Lookups!$B$7,4,IF(I44=Lookups!$B$8,5,0))))) -> 0 | V44: =IF(J44=Lookups!$C$4,1,IF(J44=Lookups!$C$5,2,IF(J44=Lookups!$C$6,3,IF(J44=Lookups!$C$7,4,IF(J44=Lookups!$C$8,5,0))))) -> 0
B45: Emergency Vehicles | P45: =IF(D45=Lookups!$B$4,1,IF(D45=Lookups!$B$5,2,IF(D45=Lookups!$B$6,3,IF(D45=Lookups!$B$7,4,IF(D45=Lookups!$B$8,5,0))))) -> 0 | Q45: =IF(E45=Lookups!$C$4,1,IF(E45=Lookups!$C$5,2,IF(E45=Lookups!$C$6,3,IF(E45=Lookups!$C$7,4,IF(E45=Lookups!$C$8,5,0))))) -> 0 | U45: =IF(I45=Lookups!$B$4,1,IF(I45=Lookups!$B$5,2,IF(I45=Lookups!$B$6,3,IF(I45=Lookups!$B$7,4,IF(I45=Lookups!$B$8,5,0))))) -> 0 | V45: =IF(J45=Lookups!$C$4,1,IF(J45=Lookups!$C$5,2,IF(J45=Lookups!$C$6,3,IF(J45=Lookups!$C$7,4,IF(J45=Lookups!$C$8,5,0))))) -> 0
B46: Works lead to excessive traffic queues and delays leads to unacceptably long delays to road users | C46: Emergency vehicles access past the works area is blocked by works activities or queued traffic leading to unacceptable delays to emergency vehicles | F46: =IF(P46*Q46=0,$S$14,VLOOKUP(Q46,Lookups!$D$4:$J$8,'Planning Phase'!P46+2)) -> Select L & C | K46: =IF(U46*V46=0,$S$14,VLOOKUP(V46,Lookups!$D$4:$J$8,'Planning Phase'!U46+2)) -> Select L & C | P46: =IF(D46=Lookups!$B$4,1,IF(D46=Lookups!$B$5,2,IF(D46=Lookups!$B$6,3,IF(D46=Lookups!$B$7,4,IF(D46=Lookups!$B$8,5,0))))) -> 0 | Q46: =IF(E46=Lookups!$C$4,1,IF(E46=Lookups!$C$5,2,IF(E46=Lookups!$C$6,3,IF(E46=Lookups!$C$7,4,IF(E46=Lookups!$C$8,5,0))))) -> 0 | U46: =IF(I46=Lookups!$B$4,1,IF(I46=Lookups!$B$5,2,IF(I46=Lookups!$B$6,3,IF(I46=Lookups!$B$7,4,IF(I46=Lookups!$B$8,5,0))))) -> 0 | V46: =IF(J46=Lookups!$C$4,1,IF(J46=Lookups!$C$5,2,IF(J46=Lookups!$C$6,3,IF(J46=Lookups!$C$7,4,IF(J46=Lookups!$C$8,5,0))))) -> 0
B47: Emergency vehicle access to the worksite not clear | C47: Extended delay to attend to injured workers or road users at the worksite | F47: =IF(P47*Q47=0,$S$14,VLOOKUP(Q47,Lookups!$D$4:$J$8,'Planning Phase'!P47+2)) -> Select L & C | K47: =IF(U47*V47=0,$S$14,VLOOKUP(V47,Lookups!$D$4:$J$8,'Planning Phase'!U47+2)) -> Select L & C | P47: =IF(D47=Lookups!$B$4,1,IF(D47=Lookups!$B$5,2,IF(D47=Lookups!$B$6,3,IF(D47=Lookups!$B$7,4,IF(D47=Lookups!$B$8,5,0))))) -> 0 | Q47: =IF(E47=Lookups!$C$4,1,IF(E47=Lookups!$C$5,2,IF(E47=Lookups!$C$6,3,IF(E47=Lookups!$C$7,4,IF(E47=Lookups!$C$8,5,0))))) -> 0 | U47: =IF(I47=Lookups!$B$4,1,IF(I47=Lookups!$B$5,2,IF(I47=Lookups!$B$6,3,IF(I47=Lookups!$B$7,4,IF(I47=Lookups!$B$8,5,0))))) -> 0 | V47: =IF(J47=Lookups!$C$4,1,IF(J47=Lookups!$C$5,2,IF(J47=Lookups!$C$6,3,IF(J47=Lookups!$C$7,4,IF(J47=Lookups!$C$8,5,0))))) -> 0
B48: Public Transport | F48: =IF(P48*Q48=0,$S$14,VLOOKUP(Q48,Lookups!$D$4:$J$8,'Planning Phase'!P48+2)) -> Select L & C | K48: =IF(U48*V48=0,$S$14,VLOOKUP(V48,Lookups!$D$4:$J$8,'Planning Phase'!U48+2)) -> Select L & C | P48: =IF(D48=Lookups!$B$4,1,IF(D48=Lookups!$B$5,2,IF(D48=Lookups!$B$6,3,IF(D48=Lookups!$B$7,4,IF(D48=Lookups!$B$8,5,0))))) -> 0 | Q48: =IF(E48=Lookups!$C$4,1,IF(E48=Lookups!$C$5,2,IF(E48=Lookups!$C$6,3,IF(E48=Lookups!$C$7,4,IF(E48=Lookups!$C$8,5,0))))) -> 0 | U48: =IF(I48=Lookups!$B$4,1,IF(I48=Lookups!$B$5,2,IF(I48=Lookups!$B$6,3,IF(I48=Lookups!$B$7,4,IF(I48=Lookups!$B$8,5,0))))) -> 0 | V48: =IF(J48=Lookups!$C$4,1,IF(J48=Lookups!$C$5,2,IF(J48=Lookups!$C$6,3,IF(J48=Lookups!$C$7,4,IF(J48=Lookups!$C$8,5,0))))) -> 0
B49: Public transport stops and routes located in works area - impact on provision of usual services | C49: Negative community perception of the impact of the worksite | F49: =IF(P49*Q49=0,$S$14,VLOOKUP(Q49,Lookups!$D$4:$J$8,'Planning Phase'!P49+2)) -> Select L & C | K49: =IF(U49*V49=0,$S$14,VLOOKUP(V49,Lookups!$D$4:$J$8,'Planning Phase'!U49+2)) -> Select L & C | P49: =IF(D49=Lookups!$B$4,1,IF(D49=Lookups!$B$5,2,IF(D49=Lookups!$B$6,3,IF(D49=Lookups!$B$7,4,IF(D49=Lookups!$B$8,5,0))))) -> 0 | Q49: =IF(E49=Lookups!$C$4,1,IF(E49=Lookups!$C$5,2,IF(E49=Lookups!$C$6,3,IF(E49=Lookups!$C$7,4,IF(E49=Lookups!$C$8,5,0))))) -> 0 | U49: =IF(I49=Lookups!$B$4,1,IF(I49=Lookups!$B$5,2,IF(I49=Lookups!$B$6,3,IF(I49=Lookups!$B$7,4,IF(I49=Lookups!$B$8,5,0))))) -> 0 | V49: =IF(J49=Lookups!$C$4,1,IF(J49=Lookups!$C$5,2,IF(J49=Lookups!$C$6,3,IF(J49=Lookups!$C$7,4,IF(J49=Lookups!$C$8,5,0))))) -> 0
C50: Unpredictable public transport vehicle movements and passenger movements near the worksite | F50: =IF(P50*Q50=0,$S$14,VLOOKUP(Q50,Lookups!$D$4:$J$8,'Planning Phase'!P50+2)) -> Select L & C | K50: =IF(U50*V50=0,$S$14,VLOOKUP(V50,Lookups!$D$4:$J$8,'Planning Phase'!U50+2)) -> Select L & C | P50: =IF(D50=Lookups!$B$4,1,IF(D50=Lookups!$B$5,2,IF(D50=Lookups!$B$6,3,IF(D50=Lookups!$B$7,4,IF(D50=Lookups!$B$8,5,0))))) -> 0 | Q50: =IF(E50=Lookups!$C$4,1,IF(E50=Lookups!$C$5,2,IF(E50=Lookups!$C$6,3,IF(E50=Lookups!$C$7,4,IF(E50=Lookups!$C$8,5,0))))) -> 0 | U50: =IF(I50=Lookups!$B$4,1,IF(I50=Lookups!$B$5,2,IF(I50=Lookups!$B$6,3,IF(I50=Lookups!$B$7,4,IF(I50=Lookups!$B$8,5,0))))) -> 0 | V50: =IF(J50=Lookups!$C$4,1,IF(J50=Lookups!$C$5,2,IF(J50=Lookups!$C$6,3,IF(J50=Lookups!$C$7,4,IF(J50=Lookups!$C$8,5,0))))) -> 0
B51: Site Access | P51: =IF(D51=Lookups!$B$4,1,IF(D51=Lookups!$B$5,2,IF(D51=Lookups!$B$6,3,IF(D51=Lookups!$B$7,4,IF(D51=Lookups!$B$8,5,0))))) -> 0 | Q51: =IF(E51=Lookups!$C$4,1,IF(E51=Lookups!$C$5,2,IF(E51=Lookups!$C$6,3,IF(E51=Lookups!$C$7,4,IF(E51=Lookups!$C$8,5,0))))) -> 0 | U51: =IF(I51=Lookups!$B$4,1,IF(I51=Lookups!$B$5,2,IF(I51=Lookups!$B$6,3,IF(I51=Lookups!$B$7,4,IF(I51=Lookups!$B$8,5,0))))) -> 0 | V51: =IF(J51=Lookups!$C$4,1,IF(J51=Lookups!$C$5,2,IF(J51=Lookups!$C$6,3,IF(J51=Lookups!$C$7,4,IF(J51=Lookups!$C$8,5,0))))) -> 0
B52: Site access for construction vehicles is not clearly defined / managed | C52: Construction vehicles stop / queue in unsafe locations causes conflicts with VRUs or congestion for passing traffic | F52: =IF(P52*Q52=0,$S$14,VLOOKUP(Q52,Lookups!$D$4:$J$8,'Planning Phase'!P52+2)) -> Select L & C | K52: =IF(U52*V52=0,$S$14,VLOOKUP(V52,Lookups!$D$4:$J$8,'Planning Phase'!U52+2)) -> Select L & C | P52: =IF(D52=Lookups!$B$4,1,IF(D52=Lookups!$B$5,2,IF(D52=Lookups!$B$6,3,IF(D52=Lookups!$B$7,4,IF(D52=Lookups!$B$8,5,0))))) -> 0 | Q52: =IF(E52=Lookups!$C$4,1,IF(E52=Lookups!$C$5,2,IF(E52=Lookups!$C$6,3,IF(E52=Lookups!$C$7,4,IF(E52=Lookups!$C$8,5,0))))) -> 0 | U52: =IF(I52=Lookups!$B$4,1,IF(I52=Lookups!$B$5,2,IF(I52=Lookups!$B$6,3,IF(I52=Lookups!$B$7,4,IF(I52=Lookups!$B$8,5,0))))) -> 0 | V52: =IF(J52=Lookups!$C$4,1,IF(J52=Lookups!$C$5,2,IF(J52=Lookups!$C$6,3,IF(J52=Lookups!$C$7,4,IF(J52=Lookups!$C$8,5,0))))) -> 0
C53: Construction vehicles use inapporpriate entry and exit points leading to colisions with traffic.
C54: Passing traffic inadvertently enters worksites leading to worker injury due to unexpected vehicle entry to worksite | F54: =IF(P54*Q54=0,$S$14,VLOOKUP(Q54,Lookups!$D$4:$J$8,'Planning Phase'!P54+2)) -> Select L & C | K54: =IF(U54*V54=0,$S$14,VLOOKUP(V54,Lookups!$D$4:$J$8,'Planning Phase'!U54+2)) -> Select L & C | P54: =IF(D54=Lookups!$B$4,1,IF(D54=Lookups!$B$5,2,IF(D54=Lookups!$B$6,3,IF(D54=Lookups!$B$7,4,IF(D54=Lookups!$B$8,5,0))))) -> 0 | Q54: =IF(E54=Lookups!$C$4,1,IF(E54=Lookups!$C$5,2,IF(E54=Lookups!$C$6,3,IF(E54=Lookups!$C$7,4,IF(E54=Lookups!$C$8,5,0))))) -> 0 | U54: =IF(I54=Lookups!$B$4,1,IF(I54=Lookups!$B$5,2,IF(I54=Lookups!$B$6,3,IF(I54=Lookups!$B$7,4,IF(I54=Lookups!$B$8,5,0))))) -> 0 | V54: =IF(J54=Lookups!$C$4,1,IF(J54=Lookups!$C$5,2,IF(J54=Lookups!$C$6,3,IF(J54=Lookups!$C$7,4,IF(J54=Lookups!$C$8,5,0))))) -> 0
B55: Property Access | P55: =IF(D55=Lookups!$B$4,1,IF(D55=Lookups!$B$5,2,IF(D55=Lookups!$B$6,3,IF(D55=Lookups!$B$7,4,IF(D55=Lookups!$B$8,5,0))))) -> 0 | Q55: =IF(E55=Lookups!$C$4,1,IF(E55=Lookups!$C$5,2,IF(E55=Lookups!$C$6,3,IF(E55=Lookups!$C$7,4,IF(E55=Lookups!$C$8,5,0))))) -> 0 | U55: =IF(I55=Lookups!$B$4,1,IF(I55=Lookups!$B$5,2,IF(I55=Lookups!$B$6,3,IF(I55=Lookups!$B$7,4,IF(I55=Lookups!$B$8,5,0))))) -> 0 | V55: =IF(J55=Lookups!$C$4,1,IF(J55=Lookups!$C$5,2,IF(J55=Lookups!$C$6,3,IF(J55=Lookups!$C$7,4,IF(J55=Lookups!$C$8,5,0))))) -> 0
B56: Closure or roads or turn movements at intersections affects adjoining properties with access near or at the site | C56: Vehicle access to properties compromised by road closures or delays leads to decreasd community acceptance of the presence of the worksite. | F56: =IF(P56*Q56=0,$S$14,VLOOKUP(Q56,Lookups!$D$4:$J$8,'Planning Phase'!P56+2)) -> Select L & C | K56: =IF(U56*V56=0,$S$14,VLOOKUP(V56,Lookups!$D$4:$J$8,'Planning Phase'!U56+2)) -> Select L & C | P56: =IF(D56=Lookups!$B$4,1,IF(D56=Lookups!$B$5,2,IF(D56=Lookups!$B$6,3,IF(D56=Lookups!$B$7,4,IF(D56=Lookups!$B$8,5,0))))) -> 0 | Q56: =IF(E56=Lookups!$C$4,1,IF(E56=Lookups!$C$5,2,IF(E56=Lookups!$C$6,3,IF(E56=Lookups!$C$7,4,IF(E56=Lookups!$C$8,5,0))))) -> 0 | U56: =IF(I56=Lookups!$B$4,1,IF(I56=Lookups!$B$5,2,IF(I56=Lookups!$B$6,3,IF(I56=Lookups!$B$7,4,IF(I56=Lookups!$B$8,5,0))))) -> 0 | V56: =IF(J56=Lookups!$C$4,1,IF(J56=Lookups!$C$5,2,IF(J56=Lookups!$C$6,3,IF(J56=Lookups!$C$7,4,IF(J56=Lookups!$C$8,5,0))))) -> 0
B57: Rural property access and stock crossings within the worksite | C57: disruption of essential stock crossing movemenets and disruption of local rural economic activity | F57: =IF(P57*Q57=0,$S$14,VLOOKUP(Q57,Lookups!$D$4:$J$8,'Planning Phase'!P57+2)) -> Select L & C | K57: =IF(U57*V57=0,$S$14,VLOOKUP(V57,Lookups!$D$4:$J$8,'Planning Phase'!U57+2)) -> Select L & C
B58: Parking facilities exist within the proposed worksite | C58: Reduction in available parking facilities leads to illegal or unsafe parking practices in and around the worksite. | F58: =IF(P58*Q58=0,$S$14,VLOOKUP(Q58,Lookups!$D$4:$J$8,'Planning Phase'!P58+2)) -> Select L & C | K58: =IF(U58*V58=0,$S$14,VLOOKUP(V58,Lookups!$D$4:$J$8,'Planning Phase'!U58+2)) -> Select L & C
B59: Environmential and site features | P59: =IF(D59=Lookups!$B$4,1,IF(D59=Lookups!$B$5,2,IF(D59=Lookups!$B$6,3,IF(D59=Lookups!$B$7,4,IF(D59=Lookups!$B$8,5,0))))) -> 0 | Q59: =IF(E59=Lookups!$C$4,1,IF(E59=Lookups!$C$5,2,IF(E59=Lookups!$C$6,3,IF(E59=Lookups!$C$7,4,IF(E59=Lookups!$C$8,5,0))))) -> 0 | U59: =IF(I59=Lookups!$B$4,1,IF(I59=Lookups!$B$5,2,IF(I59=Lookups!$B$6,3,IF(I59=Lookups!$B$7,4,IF(I59=Lookups!$B$8,5,0))))) -> 0 | V59: =IF(J59=Lookups!$C$4,1,IF(J59=Lookups!$C$5,2,IF(J59=Lookups!$C$6,3,IF(J59=Lookups!$C$7,4,IF(J59=Lookups!$C$8,5,0))))) -> 0
B60: Features at the site reduce sight distance or vision of TTM devices | C60: Road users unable to adequately comprehend messages and react in time leading to potential injury to road users and workers or damage at the works site. | F60: =IF(P60*Q60=0,$S$14,VLOOKUP(Q60,Lookups!$D$4:$J$8,'Planning Phase'!P60+2)) -> Select L & C | K60: =IF(U60*V60=0,$S$14,VLOOKUP(V60,Lookups!$D$4:$J$8,'Planning Phase'!U60+2)) -> Select L & C | P60: =IF(D60=Lookups!$B$4,1,IF(D60=Lookups!$B$5,2,IF(D60=Lookups!$B$6,3,IF(D60=Lookups!$B$7,4,IF(D60=Lookups!$B$8,5,0))))) -> 0 | Q60: =IF(E60=Lookups!$C$4,1,IF(E60=Lookups!$C$5,2,IF(E60=Lookups!$C$6,3,IF(E60=Lookups!$C$7,4,IF(E60=Lookups!$C$8,5,0))))) -> 0 | U60: =IF(I60=Lookups!$B$4,1,IF(I60=Lookups!$B$5,2,IF(I60=Lookups!$B$6,3,IF(I60=Lookups!$B$7,4,IF(I60=Lookups!$B$8,5,0))))) -> 0 | V60: =IF(J60=Lookups!$C$4,1,IF(J60=Lookups!$C$5,2,IF(J60=Lookups!$C$6,3,IF(J60=Lookups!$C$7,4,IF(J60=Lookups!$C$8,5,0))))) -> 0
B61: Vegetation obscures positioning of signs and devices | C61: Road users is unaware of the approaching worksite and potential queues leading ot collision. | F61: =IF(P61*Q61=0,$S$14,VLOOKUP(Q61,Lookups!$D$4:$J$8,'Planning Phase'!P61+2)) -> Select L & C | K61: =IF(U61*V61=0,$S$14,VLOOKUP(V61,Lookups!$D$4:$J$8,'Planning Phase'!U61+2)) -> Select L & C
B62: Existing signage, pavement markings and other features conflict with the proposed TTM treatments | C62: Compomised legibility of worksite leads ot driver confusion | F62: =IF(P62*Q62=0,$S$14,VLOOKUP(Q62,Lookups!$D$4:$J$8,'Planning Phase'!P62+2)) -> Select L & C | K62: =IF(U62*V62=0,$S$14,VLOOKUP(V62,Lookups!$D$4:$J$8,'Planning Phase'!U62+2)) -> Select L & C
B63: Works taking place during seasons with increased pssibility of electrical storms | C63: Lightning risk to TC and other staff causes delays to works schedule or completion of works within defined daily time restrictions | F63: =IF(P63*Q63=0,$S$14,VLOOKUP(Q63,Lookups!$D$4:$J$8,'Planning Phase'!P63+2)) -> Select L & C | K63: =IF(U63*V63=0,$S$14,VLOOKUP(V63,Lookups!$D$4:$J$8,'Planning Phase'!U63+2)) -> Select L & C
B64: Shadowing, fog, glare, inclement weather, smoke | C64: Reduced visibility for approaching traffic - increased risk to road users and road workers | F64: =IF(P64*Q64=0,$S$14,VLOOKUP(Q64,Lookups!$D$4:$J$8,'Planning Phase'!P64+2)) -> Select L & C | K64: =IF(U64*V64=0,$S$14,VLOOKUP(V64,Lookups!$D$4:$J$8,'Planning Phase'!U64+2)) -> Select L & C
B65: Night works | C65: Reduced legibilty of worksite | F65: =IF(P65*Q65=0,$S$14,VLOOKUP(Q65,Lookups!$D$4:$J$8,'Planning Phase'!P65+2)) -> Select L & C | K65: =IF(U65*V65=0,$S$14,VLOOKUP(V65,Lookups!$D$4:$J$8,'Planning Phase'!U65+2)) -> Select L & C
C66: Visual overload with retroflective devices | F66: =IF(P66*Q66=0,$S$14,VLOOKUP(Q66,Lookups!$D$4:$J$8,'Planning Phase'!P66+2)) -> Select L & C | K66: =IF(U66*V66=0,$S$14,VLOOKUP(V66,Lookups!$D$4:$J$8,'Planning Phase'!U66+2)) -> Select L & C
B67: Site constraints with no escape route for workers or traffic controllers | C67: Workers cannot escape traffic incidents on site and are injured by vehicle intrusion into the site. | F67: =IF(P67*Q67=0,$S$14,VLOOKUP(Q67,Lookups!$D$4:$J$8,'Planning Phase'!P67+2)) -> Select L & C | K67: =IF(U67*V67=0,$S$14,VLOOKUP(V67,Lookups!$D$4:$J$8,'Planning Phase'!U67+2)) -> Select L & C
B68: Low quality road surfacing | C68: Damage to vehicles and worksite equipment | F68: =IF(P68*Q68=0,$S$14,VLOOKUP(Q68,Lookups!$D$4:$J$8,'Planning Phase'!P68+2)) -> Select L & C | K68: =IF(U68*V68=0,$S$14,VLOOKUP(V68,Lookups!$D$4:$J$8,'Planning Phase'!U68+2)) -> Select L & C
B69: Multilane roads with inadequate median width to not allow duplication of devices in the median | C69: Drivers in right lane(s) do not have visibility of TTM devices placed on the left verge and are unaware of the approproaching worksite or the apporpriate actions they are required to take leading to potential late unsafe merging movements or entry to the worksite. | F69: =IF(P69*Q69=0,$S$14,VLOOKUP(Q69,Lookups!$D$4:$J$8,'Planning Phase'!P69+2)) -> Select L & C | K69: =IF(U69*V69=0,$S$14,VLOOKUP(V69,Lookups!$D$4:$J$8,'Planning Phase'!U69+2)) -> Select L & C | P69: =IF(D69=Lookups!$B$4,1,IF(D69=Lookups!$B$5,2,IF(D69=Lookups!$B$6,3,IF(D69=Lookups!$B$7,4,IF(D69=Lookups!$B$8,5,0))))) -> 0 | Q69: =IF(E69=Lookups!$C$4,1,IF(E69=Lookups!$C$5,2,IF(E69=Lookups!$C$6,3,IF(E69=Lookups!$C$7,4,IF(E69=Lookups!$C$8,5,0))))) -> 0 | U69: =IF(I69=Lookups!$B$4,1,IF(I69=Lookups!$B$5,2,IF(I69=Lookups!$B$6,3,IF(I69=Lookups!$B$7,4,IF(I69=Lookups!$B$8,5,0))))) -> 0 | V69: =IF(J69=Lookups!$C$4,1,IF(J69=Lookups!$C$5,2,IF(J69=Lookups!$C$6,3,IF(J69=Lookups!$C$7,4,IF(J69=Lookups!$C$8,5,0))))) -> 0
B70: Specifications / standards / practices | P70: =IF(D70=Lookups!$B$4,1,IF(D70=Lookups!$B$5,2,IF(D70=Lookups!$B$6,3,IF(D70=Lookups!$B$7,4,IF(D70=Lookups!$B$8,5,0))))) -> 0 | Q70: =IF(E70=Lookups!$C$4,1,IF(E70=Lookups!$C$5,2,IF(E70=Lookups!$C$6,3,IF(E70=Lookups!$C$7,4,IF(E70=Lookups!$C$8,5,0))))) -> 0 | U70: =IF(I70=Lookups!$B$4,1,IF(I70=Lookups!$B$5,2,IF(I70=Lookups!$B$6,3,IF(I70=Lookups!$B$7,4,IF(I70=Lookups!$B$8,5,0))))) -> 0 | V70: =IF(J70=Lookups!$C$4,1,IF(J70=Lookups!$C$5,2,IF(J70=Lookups!$C$6,3,IF(J70=Lookups!$C$7,4,IF(J70=Lookups!$C$8,5,0))))) -> 0
B71: Clarity of applicable specifications, standards, rules and policies including conflict between requirements from RIM / PCBU etc. Documentation of superceded standards. | C71: Application of incorrect or expired specifications, standards, rules and policies leads to confusion regarding mandatory safety regulations leading to inconsistent application and worksite not in line with required safety standards | F71: =IF(P71*Q71=0,$S$14,VLOOKUP(Q71,Lookups!$D$4:$J$8,'Planning Phase'!P71+2)) -> Select L & C | K71: =IF(U71*V71=0,$S$14,VLOOKUP(V71,Lookups!$D$4:$J$8,'Planning Phase'!U71+2)) -> Select L & C | P71: =IF(D71=Lookups!$B$4,1,IF(D71=Lookups!$B$5,2,IF(D71=Lookups!$B$6,3,IF(D71=Lookups!$B$7,4,IF(D71=Lookups!$B$8,5,0))))) -> 0 | Q71: =IF(E71=Lookups!$C$4,1,IF(E71=Lookups!$C$5,2,IF(E71=Lookups!$C$6,3,IF(E71=Lookups!$C$7,4,IF(E71=Lookups!$C$8,5,0))))) -> 0 | U71: =IF(I71=Lookups!$B$4,1,IF(I71=Lookups!$B$5,2,IF(I71=Lookups!$B$6,3,IF(I71=Lookups!$B$7,4,IF(I71=Lookups!$B$8,5,0))))) -> 0 | V71: =IF(J71=Lookups!$C$4,1,IF(J71=Lookups!$C$5,2,IF(J71=Lookups!$C$6,3,IF(J71=Lookups!$C$7,4,IF(J71=Lookups!$C$8,5,0))))) -> 0
B72: Stakeholders | P72: =IF(D72=Lookups!$B$4,1,IF(D72=Lookups!$B$5,2,IF(D72=Lookups!$B$6,3,IF(D72=Lookups!$B$7,4,IF(D72=Lookups!$B$8,5,0))))) -> 0 | Q72: =IF(E72=Lookups!$C$4,1,IF(E72=Lookups!$C$5,2,IF(E72=Lookups!$C$6,3,IF(E72=Lookups!$C$7,4,IF(E72=Lookups!$C$8,5,0))))) -> 0 | U72: =IF(I72=Lookups!$B$4,1,IF(I72=Lookups!$B$5,2,IF(I72=Lookups!$B$6,3,IF(I72=Lookups!$B$7,4,IF(I72=Lookups!$B$8,5,0))))) -> 0 | V72: =IF(J72=Lookups!$C$4,1,IF(J72=Lookups!$C$5,2,IF(J72=Lookups!$C$6,3,IF(J72=Lookups!$C$7,4,IF(J72=Lookups!$C$8,5,0))))) -> 0
B73: Stakeholders inadequately consulted regarding the project and its impacts leading to opposition to project | C73: Delays as complaints are addressed and resolved | F73: =IF(P73*Q73=0,$S$14,VLOOKUP(Q73,Lookups!$D$4:$J$8,'Planning Phase'!P73+2)) -> Select L & C | K73: =IF(U73*V73=0,$S$14,VLOOKUP(V73,Lookups!$D$4:$J$8,'Planning Phase'!U73+2)) -> Select L & C | P73: =IF(D73=Lookups!$B$4,1,IF(D73=Lookups!$B$5,2,IF(D73=Lookups!$B$6,3,IF(D73=Lookups!$B$7,4,IF(D73=Lookups!$B$8,5,0))))) -> 0 | Q73: =IF(E73=Lookups!$C$4,1,IF(E73=Lookups!$C$5,2,IF(E73=Lookups!$C$6,3,IF(E73=Lookups!$C$7,4,IF(E73=Lookups!$C$8,5,0))))) -> 0 | U73: =IF(I73=Lookups!$B$4,1,IF(I73=Lookups!$B$5,2,IF(I73=Lookups!$B$6,3,IF(I73=Lookups!$B$7,4,IF(I73=Lookups!$B$8,5,0))))) -> 0 | V73: =IF(J73=Lookups!$C$4,1,IF(J73=Lookups!$C$5,2,IF(J73=Lookups!$C$6,3,IF(J73=Lookups!$C$7,4,IF(J73=Lookups!$C$8,5,0))))) -> 0
B74: Heavy / Oversize vehilcles | P74: =IF(D74=Lookups!$B$4,1,IF(D74=Lookups!$B$5,2,IF(D74=Lookups!$B$6,3,IF(D74=Lookups!$B$7,4,IF(D74=Lookups!$B$8,5,0))))) -> 0 | Q74: =IF(E74=Lookups!$C$4,1,IF(E74=Lookups!$C$5,2,IF(E74=Lookups!$C$6,3,IF(E74=Lookups!$C$7,4,IF(E74=Lookups!$C$8,5,0))))) -> 0 | U74: =IF(I74=Lookups!$B$4,1,IF(I74=Lookups!$B$5,2,IF(I74=Lookups!$B$6,3,IF(I74=Lookups!$B$7,4,IF(I74=Lookups!$B$8,5,0))))) -> 0 | V74: =IF(J74=Lookups!$C$4,1,IF(J74=Lookups!$C$5,2,IF(J74=Lookups!$C$6,3,IF(J74=Lookups!$C$7,4,IF(J74=Lookups!$C$8,5,0))))) -> 0
B75: Accommodation of truck traffic and over-sized loads | C75: inadequate lane widths, provision for turning movements or vertical alignments leads to vehicles unable to negotiate defined traffic route and collide with other vehicles or worksite devices / plant | F75: =IF(P75*Q75=0,$S$14,VLOOKUP(Q75,Lookups!$D$4:$J$8,'Planning Phase'!P75+2)) -> Select L & C | K75: =IF(U75*V75=0,$S$14,VLOOKUP(V75,Lookups!$D$4:$J$8,'Planning Phase'!U75+2)) -> Select L & C

Sheet Design Phase
B7: Risk | D7: Initial Risk | G7: Proposed Control Measures | I7: Revised Risk | L7: Selected | M7: Actions | P7: Initial Scores | U7: Initial Scores
B8: Source | C8: Event | D8: Likelihood | E8: Consequence | F8: Rating | G8: Options | H8: Considerations | I8: Likelihood | J8: Consequence | K8: Rating | M8: Who | N8: What | P8: L | Q8: C | U8: L | V8: C
B9: Vulnerable Road Users - pedestrians, cyclists, people with disabilities and wheeled path users | S9: Very High
B10: Planning Phase items - need to be considered/reviewed in design phase as well unless closed out or deemed not applicable in planning phase
B11: Works impact on existing path routes resulting in VRU unable to pass the site safely using existing paths | C11: VRUs cross roads in an unsafe manner at unsigned locations | F11: =IF(P11*Q11=0,$S$15,VLOOKUP(Q11,Lookups!$D$4:$J$8,'Design Phase'!P11+2)) -> Select L & C | K11: =IF(U11*V11=0,$S$15,VLOOKUP(V11,Lookups!$D$4:$J$8,'Design Phase'!U11+2)) -> Select L & C | P11: =IF(D11=Lookups!$B$4,1,IF(D11=Lookups!$B$5,2,IF(D11=Lookups!$B$6,3,IF(D11=Lookups!$B$7,4,IF(D11=Lookups!$B$8,5,0))))) -> 0 | Q11: =IF(E11=Lookups!$C$4,1,IF(E11=Lookups!$C$5,2,IF(E11=Lookups!$C$6,3,IF(E11=Lookups!$C$7,4,IF(E11=Lookups!$C$8,5,0))))) -> 0 | S11: High | U11: =IF(I11=Lookups!$B$4,1,IF(I11=Lookups!$B$5,2,IF(I11=Lookups!$B$6,3,IF(I11=Lookups!$B$7,4,IF(I11=Lookups!$B$8,5,0))))) -> 0 | V11: =IF(J11=Lookups!$C$4,1,IF(J11=Lookups!$C$5,2,IF(J11=Lookups!$C$6,3,IF(J11=Lookups!$C$7,4,IF(J11=Lookups!$C$8,5,0))))) -> 0
C12: VRUs use a temporary path route which has a surface not appropriate for wheeled path users, visually impaired and VRU with mobility issues. Results in trip or fall hazards | F12: =IF(P12*Q12=0,$S$15,VLOOKUP(Q12,Lookups!$D$4:$J$8,'Design Phase'!P12+2)) -> Select L & C | K12: =IF(U12*V12=0,$S$15,VLOOKUP(V12,Lookups!$D$4:$J$8,'Design Phase'!U12+2)) -> Select L & C | P12: =IF(D12=Lookups!$B$4,1,IF(D12=Lookups!$B$5,2,IF(D12=Lookups!$B$6,3,IF(D12=Lookups!$B$7,4,IF(D12=Lookups!$B$8,5,0))))) -> 0 | Q12: =IF(E12=Lookups!$C$4,1,IF(E12=Lookups!$C$5,2,IF(E12=Lookups!$C$6,3,IF(E12=Lookups!$C$7,4,IF(E12=Lookups!$C$8,5,0))))) -> 0 | S12: Medium | U12: =IF(I12=Lookups!$B$4,1,IF(I12=Lookups!$B$5,2,IF(I12=Lookups!$B$6,3,IF(I12=Lookups!$B$7,4,IF(I12=Lookups!$B$8,5,0))))) -> 0 | V12: =IF(J12=Lookups!$C$4,1,IF(J12=Lookups!$C$5,2,IF(J12=Lookups!$C$6,3,IF(J12=Lookups!$C$7,4,IF(J12=Lookups!$C$8,5,0))))) -> 0
C13: VRUs diverted to a detour route which is an unacceptable length with a lower likelihood of VRUs using the defined route | F13: =IF(P13*Q13=0,$S$15,VLOOKUP(Q13,Lookups!$D$4:$J$8,'Design Phase'!P13+2)) -> Select L & C | K13: =IF(U13*V13=0,$S$15,VLOOKUP(V13,Lookups!$D$4:$J$8,'Design Phase'!U13+2)) -> Select L & C | P13: =IF(D13=Lookups!$B$4,1,IF(D13=Lookups!$B$5,2,IF(D13=Lookups!$B$6,3,IF(D13=Lookups!$B$7,4,IF(D13=Lookups!$B$8,5,0))))) -> 0 | Q13: =IF(E13=Lookups!$C$4,1,IF(E13=Lookups!$C$5,2,IF(E13=Lookups!$C$6,3,IF(E13=Lookups!$C$7,4,IF(E13=Lookups!$C$8,5,0))))) -> 0 | S13: Low | U13: =IF(I13=Lookups!$B$4,1,IF(I13=Lookups!$B$5,2,IF(I13=Lookups!$B$6,3,IF(I13=Lookups!$B$7,4,IF(I13=Lookups!$B$8,5,0))))) -> 0 | V13: =IF(J13=Lookups!$C$4,1,IF(J13=Lookups!$C$5,2,IF(J13=Lookups!$C$6,3,IF(J13=Lookups!$C$7,4,IF(J13=Lookups!$C$8,5,0))))) -> 0
C14: VRUs following unfamiliar and illegible paths due to lack of clear direction interact with work site vehicles, equipment or other vehicles moving through the site. | F14: =IF(P14*Q14=0,$S$15,VLOOKUP(Q14,Lookups!$D$4:$J$8,'Design Phase'!P14+2)) -> Select L & C | K14: =IF(U14*V14=0,$S$15,VLOOKUP(V14,Lookups!$D$4:$J$8,'Design Phase'!U14+2)) -> Select L & C | P14: =IF(D14=Lookups!$B$4,1,IF(D14=Lookups!$B$5,2,IF(D14=Lookups!$B$6,3,IF(D14=Lookups!$B$7,4,IF(D14=Lookups!$B$8,5,0))))) -> 0 | Q14: =IF(E14=Lookups!$C$4,1,IF(E14=Lookups!$C$5,2,IF(E14=Lookups!$C$6,3,IF(E14=Lookups!$C$7,4,IF(E14=Lookups!$C$8,5,0))))) -> 0 | S14: Negligible | U14: =IF(I14=Lookups!$B$4,1,IF(I14=Lookups!$B$5,2,IF(I14=Lookups!$B$6,3,IF(I14=Lookups!$B$7,4,IF(I14=Lookups!$B$8,5,0))))) -> 0 | V14: =IF(J14=Lookups!$C$4,1,IF(J14=Lookups!$C$5,2,IF(J14=Lookups!$C$6,3,IF(J14=Lookups!$C$7,4,IF(J14=Lookups!$C$8,5,0))))) -> 0
C15: VRUs confused by TTM layout and follow incorrect route into site | F15: =IF(P15*Q15=0,$S$15,VLOOKUP(Q15,Lookups!$D$4:$J$8,'Design Phase'!P15+2)) -> Select L & C | K15: =IF(U15*V15=0,$S$15,VLOOKUP(V15,Lookups!$D$4:$J$8,'Design Phase'!U15+2)) -> Select L & C | P15: =IF(D15=Lookups!$B$4,1,IF(D15=Lookups!$B$5,2,IF(D15=Lookups!$B$6,3,IF(D15=Lookups!$B$7,4,IF(D15=Lookups!$B$8,5,0))))) -> 0 | Q15: =IF(E15=Lookups!$C$4,1,IF(E15=Lookups!$C$5,2,IF(E15=Lookups!$C$6,3,IF(E15=Lookups!$C$7,4,IF(E15=Lookups!$C$8,5,0))))) -> 0 | S15: =IF(AC15*AD15=0,"Select L & C",VLOOKUP(AD15,Lookups!Q8:W12,'Design Phase'!AC15+2)) -> Select L & C | U15: =IF(I15=Lookups!$B$4,1,IF(I15=Lookups!$B$5,2,IF(I15=Lookups!$B$6,3,IF(I15=Lookups!$B$7,4,IF(I15=Lookups!$B$8,5,0))))) -> 0 | V15: =IF(J15=Lookups!$C$4,1,IF(J15=Lookups!$C$5,2,IF(J15=Lookups!$C$6,3,IF(J15=Lookups!$C$7,4,IF(J15=Lookups!$C$8,5,0))))) -> 0
C16: VRUs entering live traffic lanes in unsafe locations | F16: =IF(P16*Q16=0,$S$15,VLOOKUP(Q16,Lookups!$D$4:$J$8,'Design Phase'!P16+2)) -> Select L & C | K16: =IF(U16*V16=0,$S$15,VLOOKUP(V16,Lookups!$D$4:$J$8,'Design Phase'!U16+2)) -> Select L & C | P16: =IF(D16=Lookups!$B$4,1,IF(D16=Lookups!$B$5,2,IF(D16=Lookups!$B$6,3,IF(D16=Lookups!$B$7,4,IF(D16=Lookups!$B$8,5,0))))) -> 0 | Q16: =IF(E16=Lookups!$C$4,1,IF(E16=Lookups!$C$5,2,IF(E16=Lookups!$C$6,3,IF(E16=Lookups!$C$7,4,IF(E16=Lookups!$C$8,5,0))))) -> 0 | U16: =IF(I16=Lookups!$B$4,1,IF(I16=Lookups!$B$5,2,IF(I16=Lookups!$B$6,3,IF(I16=Lookups!$B$7,4,IF(I16=Lookups!$B$8,5,0))))) -> 0 | V16: =IF(J16=Lookups!$C$4,1,IF(J16=Lookups!$C$5,2,IF(J16=Lookups!$C$6,3,IF(J16=Lookups!$C$7,4,IF(J16=Lookups!$C$8,5,0))))) -> 0
C17: VRUs confused by TTM layout or path direction is not clear - and follow unsafe route around site | F17: =IF(P17*Q17=0,$S$15,VLOOKUP(Q17,Lookups!$D$4:$J$8,'Design Phase'!P17+2)) -> Select L & C | K17: =IF(U17*V17=0,$S$15,VLOOKUP(V17,Lookups!$D$4:$J$8,'Design Phase'!U17+2)) -> Select L & C | P17: =IF(D17=Lookups!$B$4,1,IF(D17=Lookups!$B$5,2,IF(D17=Lookups!$B$6,3,IF(D17=Lookups!$B$7,4,IF(D17=Lookups!$B$8,5,0))))) -> 0 | Q17: =IF(E17=Lookups!$C$4,1,IF(E17=Lookups!$C$5,2,IF(E17=Lookups!$C$6,3,IF(E17=Lookups!$C$7,4,IF(E17=Lookups!$C$8,5,0))))) -> 0 | U17: =IF(I17=Lookups!$B$4,1,IF(I17=Lookups!$B$5,2,IF(I17=Lookups!$B$6,3,IF(I17=Lookups!$B$7,4,IF(I17=Lookups!$B$8,5,0))))) -> 0 | V17: =IF(J17=Lookups!$C$4,1,IF(J17=Lookups!$C$5,2,IF(J17=Lookups!$C$6,3,IF(J17=Lookups!$C$7,4,IF(J17=Lookups!$C$8,5,0))))) -> 0
B18: Works impact on existing crossings resulting in VRU unable to use the existing crossing route | C18: Altered crossing is not clear to path users leading to unpredictable pedestrian behaviour when crossing roads | F18: =IF(P18*Q18=0,$S$15,VLOOKUP(Q18,Lookups!$D$4:$J$8,'Design Phase'!P18+2)) -> Select L & C | K18: =IF(U18*V18=0,$S$15,VLOOKUP(V18,Lookups!$D$4:$J$8,'Design Phase'!U18+2)) -> Select L & C | P18: =IF(D18=Lookups!$B$4,1,IF(D18=Lookups!$B$5,2,IF(D18=Lookups!$B$6,3,IF(D18=Lookups!$B$7,4,IF(D18=Lookups!$B$8,5,0))))) -> 0 | Q18: =IF(E18=Lookups!$C$4,1,IF(E18=Lookups!$C$5,2,IF(E18=Lookups!$C$6,3,IF(E18=Lookups!$C$7,4,IF(E18=Lookups!$C$8,5,0))))) -> 0 | U18: =IF(I18=Lookups!$B$4,1,IF(I18=Lookups!$B$5,2,IF(I18=Lookups!$B$6,3,IF(I18=Lookups!$B$7,4,IF(I18=Lookups!$B$8,5,0))))) -> 0 | V18: =IF(J18=Lookups!$C$4,1,IF(J18=Lookups!$C$5,2,IF(J18=Lookups!$C$6,3,IF(J18=Lookups!$C$7,4,IF(J18=Lookups!$C$8,5,0))))) -> 0
C19: Safe school crossing practices compromised resulting in children crossing the road in an an unsafe and unpredictable manner in and around the site | F19: =IF(P19*Q19=0,$S$15,VLOOKUP(Q19,Lookups!$D$4:$J$8,'Design Phase'!P19+2)) -> Select L & C | K19: =IF(U19*V19=0,$S$15,VLOOKUP(V19,Lookups!$D$4:$J$8,'Design Phase'!U19+2)) -> Select L & C | P19: =IF(D19=Lookups!$B$4,1,IF(D19=Lookups!$B$5,2,IF(D19=Lookups!$B$6,3,IF(D19=Lookups!$B$7,4,IF(D19=Lookups!$B$8,5,0))))) -> 0 | Q19: =IF(E19=Lookups!$C$4,1,IF(E19=Lookups!$C$5,2,IF(E19=Lookups!$C$6,3,IF(E19=Lookups!$C$7,4,IF(E19=Lookups!$C$8,5,0))))) -> 0 | U19: =IF(I19=Lookups!$B$4,1,IF(I19=Lookups!$B$5,2,IF(I19=Lookups!$B$6,3,IF(I19=Lookups!$B$7,4,IF(I19=Lookups!$B$8,5,0))))) -> 0 | V19: =IF(J19=Lookups!$C$4,1,IF(J19=Lookups!$C$5,2,IF(J19=Lookups!$C$6,3,IF(J19=Lookups!$C$7,4,IF(J19=Lookups!$C$8,5,0))))) -> 0
B20: Schools, clubs or other facilities that may generate high volumes of pedestrian or cycle traffic | C20: Temporary or impacted path route has inadequate capacity leading to VRUs crossing at unsafe locations or travelling along the road leading to conflicts between path users and traffic, or to conflicts between VRUs and worksite hazards, plant movements or unsuitable routes | F20: =IF(P20*Q20=0,$S$15,VLOOKUP(Q20,Lookups!$D$4:$J$8,'Design Phase'!P20+2)) -> Select L & C | K20: =IF(U20*V20=0,$S$15,VLOOKUP(V20,Lookups!$D$4:$J$8,'Design Phase'!U20+2)) -> Select L & C | P20: =IF(D20=Lookups!$B$4,1,IF(D20=Lookups!$B$5,2,IF(D20=Lookups!$B$6,3,IF(D20=Lookups!$B$7,4,IF(D20=Lookups!$B$8,5,0))))) -> 0 | Q20: =IF(E20=Lookups!$C$4,1,IF(E20=Lookups!$C$5,2,IF(E20=Lookups!$C$6,3,IF(E20=Lookups!$C$7,4,IF(E20=Lookups!$C$8,5,0))))) -> 0 | U20: =IF(I20=Lookups!$B$4,1,IF(I20=Lookups!$B$5,2,IF(I20=Lookups!$B$6,3,IF(I20=Lookups!$B$7,4,IF(I20=Lookups!$B$8,5,0))))) -> 0 | V20: =IF(J20=Lookups!$C$4,1,IF(J20=Lookups!$C$5,2,IF(J20=Lookups!$C$6,3,IF(J20=Lookups!$C$7,4,IF(J20=Lookups!$C$8,5,0))))) -> 0
B21: Facilities such as hotels or taverns where pedestrians may have their judgement impaired | C21: VRUs may be confused by temporary alternative routes and enter the worksite of live traffic lanes at unsafe locations | F21: =IF(P21*Q21=0,$S$15,VLOOKUP(Q21,Lookups!$D$4:$J$8,'Design Phase'!P21+2)) -> Select L & C | K21: =IF(U21*V21=0,$S$15,VLOOKUP(V21,Lookups!$D$4:$J$8,'Design Phase'!U21+2)) -> Select L & C | P21: =IF(D21=Lookups!$B$4,1,IF(D21=Lookups!$B$5,2,IF(D21=Lookups!$B$6,3,IF(D21=Lookups!$B$7,4,IF(D21=Lookups!$B$8,5,0))))) -> 0 | Q21: =IF(E21=Lookups!$C$4,1,IF(E21=Lookups!$C$5,2,IF(E21=Lookups!$C$6,3,IF(E21=Lookups!$C$7,4,IF(E21=Lookups!$C$8,5,0))))) -> 0 | U21: =IF(I21=Lookups!$B$4,1,IF(I21=Lookups!$B$5,2,IF(I21=Lookups!$B$6,3,IF(I21=Lookups!$B$7,4,IF(I21=Lookups!$B$8,5,0))))) -> 0 | V21: =IF(J21=Lookups!$C$4,1,IF(J21=Lookups!$C$5,2,IF(J21=Lookups!$C$6,3,IF(J21=Lookups!$C$7,4,IF(J21=Lookups!$C$8,5,0))))) -> 0
B22: High cycle volumes on road or in defined bicycle lane / shoulder which is impacted by works | C22: Cyclist transition to footpath does not occur at a safe location leading to possible cyclist injury or conflict with other path users | F22: =IF(P22*Q22=0,$S$15,VLOOKUP(Q22,Lookups!$D$4:$J$8,'Design Phase'!P22+2)) -> Select L & C | K22: =IF(U22*V22=0,$S$15,VLOOKUP(V22,Lookups!$D$4:$J$8,'Design Phase'!U22+2)) -> Select L & C
C23: Cyclist merge with general traffic lanes at unsafe location or in unsafe manner leading to collision with other road vehicles. | F23: =IF(P23*Q23=0,$S$15,VLOOKUP(Q23,Lookups!$D$4:$J$8,'Design Phase'!P23+2)) -> Select L & C | K23: =IF(U23*V23=0,$S$15,VLOOKUP(V23,Lookups!$D$4:$J$8,'Design Phase'!U23+2)) -> Select L & C
B24: Additional design phase items
B25: Works impact on existing path routes - pedestrians diverted to alternative existing path routes | C25: Alternative path route is a lesser quality / standard than impacted route creating slip / trip / fall hazards for path users or hazards when path users need to pass each other - path width - path surface - path grade - lighting | F25: =IF(P25*Q25=0,$S$15,VLOOKUP(Q25,Lookups!$D$4:$J$8,'Design Phase'!P25+2)) -> Select L & C | K25: =IF(U25*V25=0,$S$15,VLOOKUP(V25,Lookups!$D$4:$J$8,'Design Phase'!U25+2)) -> Select L & C | P25: =IF(D25=Lookups!$B$4,1,IF(D25=Lookups!$B$5,2,IF(D25=Lookups!$B$6,3,IF(D25=Lookups!$B$7,4,IF(D25=Lookups!$B$8,5,0))))) -> 0 | Q25: =IF(E25=Lookups!$C$4,1,IF(E25=Lookups!$C$5,2,IF(E25=Lookups!$C$6,3,IF(E25=Lookups!$C$7,4,IF(E25=Lookups!$C$8,5,0))))) -> 0 | S25: High | U25: =IF(I25=Lookups!$B$4,1,IF(I25=Lookups!$B$5,2,IF(I25=Lookups!$B$6,3,IF(I25=Lookups!$B$7,4,IF(I25=Lookups!$B$8,5,0))))) -> 0 | V25: =IF(J25=Lookups!$C$4,1,IF(J25=Lookups!$C$5,2,IF(J25=Lookups!$C$6,3,IF(J25=Lookups!$C$7,4,IF(J25=Lookups!$C$8,5,0))))) -> 0
B26: Works impact on existing path routes - pedestrians diverted to temporary path routes | C26: Temporary path route is a lesser quality / standard than impacted route creating slip / trip / fall hazards for path users or hazards when path users need to pass each other - path width - path surface - path grade - lighting | F26: =IF(P26*Q26=0,$S$15,VLOOKUP(Q26,Lookups!$D$4:$J$8,'Design Phase'!P26+2)) -> Select L & C | K26: =IF(U26*V26=0,$S$15,VLOOKUP(V26,Lookups!$D$4:$J$8,'Design Phase'!U26+2)) -> Select L & C
B27: Works impact on existing path routes - pedestrians diverted to temporary route on the road surface | C27: Collision between diverted path users and traffic due to - inadequate separation between traffic and pedestrians - inadequate reduction in vehicle speeds past the worksite - inadequate protection / barriers to separate path from road | F27: =IF(P27*Q27=0,$S$15,VLOOKUP(Q27,Lookups!$D$4:$J$8,'Design Phase'!P27+2)) -> Select L & C
B28: Works impact on existing path routes - pedestrians diverted across roads at new or existing crossing points | C28: Alternative / Temporary crossing of roads creating conflict with traffic due to - inadequate controls for pedestrians in periods of high traffic - inadeqate sight distance at crossing points - indequate ramps / transition from path to road | F28: =IF(P28*Q28=0,$S$15,VLOOKUP(Q28,Lookups!$D$4:$J$8,'Design Phase'!P28+2)) -> Select L & C | K28: =IF(U28*V28=0,$S$15,VLOOKUP(V28,Lookups!$D$4:$J$8,'Design Phase'!U28+2)) -> Select L & C
B29: Temporary path route ot TTM devices restrict sight distances between pathways and intersections, driveways and site access points | C29: VRUs and/or drivers unable to see potential conflict situations leading to collisions | F29: =IF(P29*Q29=0,$S$15,VLOOKUP(Q29,Lookups!$D$4:$J$8,'Design Phase'!P29+2)) -> Select L & C | K29: =IF(U29*V29=0,$S$15,VLOOKUP(V29,Lookups!$D$4:$J$8,'Design Phase'!U29+2)) -> Select L & C
B30: TTM devices and signage are located in road shoulders, bicycle lanes, or immediately adjaent to paths | C30: Risk to cyclists using the road corridor - colliding with TTM devices - being diverted unsafely into traffic lanes - being diverted to alternative facilities at unsafe locations | F30: =IF(P30*Q30=0,$S$15,VLOOKUP(Q30,Lookups!$D$4:$J$8,'Design Phase'!P30+2)) -> Select L & C | K30: =IF(U30*V30=0,$S$15,VLOOKUP(V30,Lookups!$D$4:$J$8,'Design Phase'!U30+2)) -> Select L & C
B31: Traffic Impacts | P31: =IF(D31=Lookups!$B$4,1,IF(D31=Lookups!$B$5,2,IF(D31=Lookups!$B$6,3,IF(D31=Lookups!$B$7,4,IF(D31=Lookups!$B$8,5,0))))) -> 0 | Q31: =IF(E31=Lookups!$C$4,1,IF(E31=Lookups!$C$5,2,IF(E31=Lookups!$C$6,3,IF(E31=Lookups!$C$7,4,IF(E31=Lookups!$C$8,5,0))))) -> 0 | U31: =IF(I31=Lookups!$B$4,1,IF(I31=Lookups!$B$5,2,IF(I31=Lookups!$B$6,3,IF(I31=Lookups!$B$7,4,IF(I31=Lookups!$B$8,5,0))))) -> 0 | V31: =IF(J31=Lookups!$C$4,1,IF(J31=Lookups!$C$5,2,IF(J31=Lookups!$C$6,3,IF(J31=Lookups!$C$7,4,IF(J31=Lookups!$C$8,5,0))))) -> 0
B32: Planning Phase items - need to be considered/reviewed in design phase as well unless closed out or deemed not applicable in planning phase
B33: Excessive length of worksite, including rural areas | C33: Dangerous / agressive driver behaviour resulting from excessive length of queues because of time needed to manage reversible flow leading to lack of community / road user acceptance of the worksite | F33: =IF(P33*Q33=0,$S$15,VLOOKUP(Q33,Lookups!$D$4:$J$8,'Design Phase'!P33+2)) -> Select L & C | K33: =IF(U33*V33=0,$S$15,VLOOKUP(V33,Lookups!$D$4:$J$8,'Design Phase'!U33+2)) -> Select L & C | P33: =IF(D33=Lookups!$B$4,1,IF(D33=Lookups!$B$5,2,IF(D33=Lookups!$B$6,3,IF(D33=Lookups!$B$7,4,IF(D33=Lookups!$B$8,5,0))))) -> 0 | Q33: =IF(E33=Lookups!$C$4,1,IF(E33=Lookups!$C$5,2,IF(E33=Lookups!$C$6,3,IF(E33=Lookups!$C$7,4,IF(E33=Lookups!$C$8,5,0))))) -> 0 | U33: =IF(I33=Lookups!$B$4,1,IF(I33=Lookups!$B$5,2,IF(I33=Lookups!$B$6,3,IF(I33=Lookups!$B$7,4,IF(I33=Lookups!$B$8,5,0))))) -> 0 | V33: =IF(J33=Lookups!$C$4,1,IF(J33=Lookups!$C$5,2,IF(J33=Lookups!$C$6,3,IF(J33=Lookups!$C$7,4,IF(J33=Lookups!$C$8,5,0))))) -> 0
C34: Infrequently used property access in the middle of the site may not be adequately monitored resulting in unsafe site entry | F34: =IF(P34*Q34=0,$S$15,VLOOKUP(Q34,Lookups!$D$4:$J$8,'Design Phase'!P34+2)) -> Select L & C | K34: =IF(U34*V34=0,$S$15,VLOOKUP(V34,Lookups!$D$4:$J$8,'Design Phase'!U34+2)) -> Select L & C | P34: =IF(D34=Lookups!$B$4,1,IF(D34=Lookups!$B$5,2,IF(D34=Lookups!$B$6,3,IF(D34=Lookups!$B$7,4,IF(D34=Lookups!$B$8,5,0))))) -> 0 | Q34: =IF(E34=Lookups!$C$4,1,IF(E34=Lookups!$C$5,2,IF(E34=Lookups!$C$6,3,IF(E34=Lookups!$C$7,4,IF(E34=Lookups!$C$8,5,0))))) -> 0 | U34: =IF(I34=Lookups!$B$4,1,IF(I34=Lookups!$B$5,2,IF(I34=Lookups!$B$6,3,IF(I34=Lookups!$B$7,4,IF(I34=Lookups!$B$8,5,0))))) -> 0 | V34: =IF(J34=Lookups!$C$4,1,IF(J34=Lookups!$C$5,2,IF(J34=Lookups!$C$6,3,IF(J34=Lookups!$C$7,4,IF(J34=Lookups!$C$8,5,0))))) -> 0
C35: Long queues combined with inadequate warning of traffic queue results in collision at end of queue | F35: =IF(P35*Q35=0,$S$15,VLOOKUP(Q35,Lookups!$D$4:$J$8,'Design Phase'!P35+2)) -> Select L & C | K35: =IF(U35*V35=0,$S$15,VLOOKUP(V35,Lookups!$D$4:$J$8,'Design Phase'!U35+2)) -> Select L & C | P35: =IF(D35=Lookups!$B$4,1,IF(D35=Lookups!$B$5,2,IF(D35=Lookups!$B$6,3,IF(D35=Lookups!$B$7,4,IF(D35=Lookups!$B$8,5,0))))) -> 0 | Q35: =IF(E35=Lookups!$C$4,1,IF(E35=Lookups!$C$5,2,IF(E35=Lookups!$C$6,3,IF(E35=Lookups!$C$7,4,IF(E35=Lookups!$C$8,5,0))))) -> 0 | U35: =IF(I35=Lookups!$B$4,1,IF(I35=Lookups!$B$5,2,IF(I35=Lookups!$B$6,3,IF(I35=Lookups!$B$7,4,IF(I35=Lookups!$B$8,5,0))))) -> 0 | V35: =IF(J35=Lookups!$C$4,1,IF(J35=Lookups!$C$5,2,IF(J35=Lookups!$C$6,3,IF(J35=Lookups!$C$7,4,IF(J35=Lookups!$C$8,5,0))))) -> 0
B36: Detouring of traffic from a major or multi-lane road | C36: Volume of detoured traffic has unacceptable impact on surrounding areas including - property and business access is compromised - Increased volume of traffic on residential streets leading to compromised safety outcomes for residents | F36: =IF(P36*Q36=0,$S$15,VLOOKUP(Q36,Lookups!$D$4:$J$8,'Design Phase'!P36+2)) -> Select L & C | K36: =IF(U36*V36=0,$S$15,VLOOKUP(V36,Lookups!$D$4:$J$8,'Design Phase'!U36+2)) -> Select L & C | P36: =IF(D36=Lookups!$B$4,1,IF(D36=Lookups!$B$5,2,IF(D36=Lookups!$B$6,3,IF(D36=Lookups!$B$7,4,IF(D36=Lookups!$B$8,5,0))))) -> 0 | Q36: =IF(E36=Lookups!$C$4,1,IF(E36=Lookups!$C$5,2,IF(E36=Lookups!$C$6,3,IF(E36=Lookups!$C$7,4,IF(E36=Lookups!$C$8,5,0))))) -> 0 | U36: =IF(I36=Lookups!$B$4,1,IF(I36=Lookups!$B$5,2,IF(I36=Lookups!$B$6,3,IF(I36=Lookups!$B$7,4,IF(I36=Lookups!$B$8,5,0))))) -> 0 | V36: =IF(J36=Lookups!$C$4,1,IF(J36=Lookups!$C$5,2,IF(J36=Lookups!$C$6,3,IF(J36=Lookups!$C$7,4,IF(J36=Lookups!$C$8,5,0))))) -> 0
C37: Detoured traffic experiences unacceptable delays | F37: =IF(P37*Q37=0,$S$15,VLOOKUP(Q37,Lookups!$D$4:$J$8,'Design Phase'!P37+2)) -> Select L & C | K37: =IF(U37*V37=0,$S$15,VLOOKUP(V37,Lookups!$D$4:$J$8,'Design Phase'!U37+2)) -> Select L & C | P37: =IF(D37=Lookups!$B$4,1,IF(D37=Lookups!$B$5,2,IF(D37=Lookups!$B$6,3,IF(D37=Lookups!$B$7,4,IF(D37=Lookups!$B$8,5,0))))) -> 0 | Q37: =IF(E37=Lookups!$C$4,1,IF(E37=Lookups!$C$5,2,IF(E37=Lookups!$C$6,3,IF(E37=Lookups!$C$7,4,IF(E37=Lookups!$C$8,5,0))))) -> 0 | U37: =IF(I37=Lookups!$B$4,1,IF(I37=Lookups!$B$5,2,IF(I37=Lookups!$B$6,3,IF(I37=Lookups!$B$7,4,IF(I37=Lookups!$B$8,5,0))))) -> 0 | V37: =IF(J37=Lookups!$C$4,1,IF(J37=Lookups!$C$5,2,IF(J37=Lookups!$C$6,3,IF(J37=Lookups!$C$7,4,IF(J37=Lookups!$C$8,5,0))))) -> 0
B38: Works lead to excessive and unacceptable traffic queues and delays. Can be due to - not maintaining min available req. lanes - closure of high volume roads | C38: Aggressive driver behaviour and lack of community acceptance of worksite | F38: =IF(P38*Q38=0,$S$15,VLOOKUP(Q38,Lookups!$D$4:$J$8,'Design Phase'!P38+2)) -> Select L & C | K38: =IF(U38*V38=0,$S$15,VLOOKUP(V38,Lookups!$D$4:$J$8,'Design Phase'!U38+2)) -> Select L & C | P38: =IF(D38=Lookups!$B$4,1,IF(D38=Lookups!$B$5,2,IF(D38=Lookups!$B$6,3,IF(D38=Lookups!$B$7,4,IF(D38=Lookups!$B$8,5,0))))) -> 0 | Q38: =IF(E38=Lookups!$C$4,1,IF(E38=Lookups!$C$5,2,IF(E38=Lookups!$C$6,3,IF(E38=Lookups!$C$7,4,IF(E38=Lookups!$C$8,5,0))))) -> 0 | U38: =IF(I38=Lookups!$B$4,1,IF(I38=Lookups!$B$5,2,IF(I38=Lookups!$B$6,3,IF(I38=Lookups!$B$7,4,IF(I38=Lookups!$B$8,5,0))))) -> 0 | V38: =IF(J38=Lookups!$C$4,1,IF(J38=Lookups!$C$5,2,IF(J38=Lookups!$C$6,3,IF(J38=Lookups!$C$7,4,IF(J38=Lookups!$C$8,5,0))))) -> 0
C39: Traffic volumes not suitably accommodaed leading to congestion / delays exceeds allowable levels | F39: =IF(P39*Q39=0,$S$15,VLOOKUP(Q39,Lookups!$D$4:$J$8,'Design Phase'!P39+2)) -> Select L & C | K39: =IF(U39*V39=0,$S$15,VLOOKUP(V39,Lookups!$D$4:$J$8,'Design Phase'!U39+2)) -> Select L & C | P39: =IF(D39=Lookups!$B$4,1,IF(D39=Lookups!$B$5,2,IF(D39=Lookups!$B$6,3,IF(D39=Lookups!$B$7,4,IF(D39=Lookups!$B$8,5,0))))) -> 0 | Q39: =IF(E39=Lookups!$C$4,1,IF(E39=Lookups!$C$5,2,IF(E39=Lookups!$C$6,3,IF(E39=Lookups!$C$7,4,IF(E39=Lookups!$C$8,5,0))))) -> 0 | U39: =IF(I39=Lookups!$B$4,1,IF(I39=Lookups!$B$5,2,IF(I39=Lookups!$B$6,3,IF(I39=Lookups!$B$7,4,IF(I39=Lookups!$B$8,5,0))))) -> 0 | V39: =IF(J39=Lookups!$C$4,1,IF(J39=Lookups!$C$5,2,IF(J39=Lookups!$C$6,3,IF(J39=Lookups!$C$7,4,IF(J39=Lookups!$C$8,5,0))))) -> 0
C40: Extended queue lengths, or road alignment factors affect sight distance to the end of queue, leads to netowrk crash risks | F40: =IF(P40*Q40=0,$S$15,VLOOKUP(Q40,Lookups!$D$4:$J$8,'Design Phase'!P40+2)) -> Select L & C | K40: =IF(U40*V40=0,$S$15,VLOOKUP(V40,Lookups!$D$4:$J$8,'Design Phase'!U40+2)) -> Select L & C | P40: =IF(D40=Lookups!$B$4,1,IF(D40=Lookups!$B$5,2,IF(D40=Lookups!$B$6,3,IF(D40=Lookups!$B$7,4,IF(D40=Lookups!$B$8,5,0))))) -> 0 | Q40: =IF(E40=Lookups!$C$4,1,IF(E40=Lookups!$C$5,2,IF(E40=Lookups!$C$6,3,IF(E40=Lookups!$C$7,4,IF(E40=Lookups!$C$8,5,0))))) -> 0 | U40: =IF(I40=Lookups!$B$4,1,IF(I40=Lookups!$B$5,2,IF(I40=Lookups!$B$6,3,IF(I40=Lookups!$B$7,4,IF(I40=Lookups!$B$8,5,0))))) -> 0 | V40: =IF(J40=Lookups!$C$4,1,IF(J40=Lookups!$C$5,2,IF(J40=Lookups!$C$6,3,IF(J40=Lookups!$C$7,4,IF(J40=Lookups!$C$8,5,0))))) -> 0
C41: Volume of traffic in remaining lanes is unacceptably high leading to traffic queues extend through nearby intersections / roundabouts | F41: =IF(P41*Q41=0,$S$15,VLOOKUP(Q41,Lookups!$D$4:$J$8,'Design Phase'!P41+2)) -> Select L & C | K41: =IF(U41*V41=0,$S$15,VLOOKUP(V41,Lookups!$D$4:$J$8,'Design Phase'!U41+2)) -> Select L & C | P41: =IF(D41=Lookups!$B$4,1,IF(D41=Lookups!$B$5,2,IF(D41=Lookups!$B$6,3,IF(D41=Lookups!$B$7,4,IF(D41=Lookups!$B$8,5,0))))) -> 0 | Q41: =IF(E41=Lookups!$C$4,1,IF(E41=Lookups!$C$5,2,IF(E41=Lookups!$C$6,3,IF(E41=Lookups!$C$7,4,IF(E41=Lookups!$C$8,5,0))))) -> 0 | U41: =IF(I41=Lookups!$B$4,1,IF(I41=Lookups!$B$5,2,IF(I41=Lookups!$B$6,3,IF(I41=Lookups!$B$7,4,IF(I41=Lookups!$B$8,5,0))))) -> 0 | V41: =IF(J41=Lookups!$C$4,1,IF(J41=Lookups!$C$5,2,IF(J41=Lookups!$C$6,3,IF(J41=Lookups!$C$7,4,IF(J41=Lookups!$C$8,5,0))))) -> 0
B42: Interference with the operation of permanent traffic signals | C42: Compromised legibility of traffic controls for road users leads to road user confusion leading to increased likelihood of traffic incidents | F42: =IF(P42*Q42=0,$S$15,VLOOKUP(Q42,Lookups!$D$4:$J$8,'Design Phase'!P42+2)) -> Select L & C | K42: =IF(U42*V42=0,$S$15,VLOOKUP(V42,Lookups!$D$4:$J$8,'Design Phase'!U42+2)) -> Select L & C | P42: =IF(D42=Lookups!$B$4,1,IF(D42=Lookups!$B$5,2,IF(D42=Lookups!$B$6,3,IF(D42=Lookups!$B$7,4,IF(D42=Lookups!$B$8,5,0))))) -> 0 | Q42: =IF(E42=Lookups!$C$4,1,IF(E42=Lookups!$C$5,2,IF(E42=Lookups!$C$6,3,IF(E42=Lookups!$C$7,4,IF(E42=Lookups!$C$8,5,0))))) -> 0 | U42: =IF(I42=Lookups!$B$4,1,IF(I42=Lookups!$B$5,2,IF(I42=Lookups!$B$6,3,IF(I42=Lookups!$B$7,4,IF(I42=Lookups!$B$8,5,0))))) -> 0 | V42: =IF(J42=Lookups!$C$4,1,IF(J42=Lookups!$C$5,2,IF(J42=Lookups!$C$6,3,IF(J42=Lookups!$C$7,4,IF(J42=Lookups!$C$8,5,0))))) -> 0
C43: Increased congestion due to works results in queued traffic through signalised intersections leading to unsafe operation of the intersection | F43: =IF(P43*Q43=0,$S$15,VLOOKUP(Q43,Lookups!$D$4:$J$8,'Design Phase'!P43+2)) -> Select L & C | K43: =IF(U43*V43=0,$S$15,VLOOKUP(V43,Lookups!$D$4:$J$8,'Design Phase'!U43+2)) -> Select L & C | P43: =IF(D43=Lookups!$B$4,1,IF(D43=Lookups!$B$5,2,IF(D43=Lookups!$B$6,3,IF(D43=Lookups!$B$7,4,IF(D43=Lookups!$B$8,5,0))))) -> 0 | Q43: =IF(E43=Lookups!$C$4,1,IF(E43=Lookups!$C$5,2,IF(E43=Lookups!$C$6,3,IF(E43=Lookups!$C$7,4,IF(E43=Lookups!$C$8,5,0))))) -> 0 | U43: =IF(I43=Lookups!$B$4,1,IF(I43=Lookups!$B$5,2,IF(I43=Lookups!$B$6,3,IF(I43=Lookups!$B$7,4,IF(I43=Lookups!$B$8,5,0))))) -> 0 | V43: =IF(J43=Lookups!$C$4,1,IF(J43=Lookups!$C$5,2,IF(J43=Lookups!$C$6,3,IF(J43=Lookups!$C$7,4,IF(J43=Lookups!$C$8,5,0))))) -> 0
B44: Closure of turning movements and banning of movements at intersections | C44: Closure of turning movements with no clear alternative leads to road user confusion and increased likelihood of traffic incidents | F44: =IF(P44*Q44=0,$S$15,VLOOKUP(Q44,Lookups!$D$4:$J$8,'Design Phase'!P44+2)) -> Select L & C | K44: =IF(U44*V44=0,$S$15,VLOOKUP(V44,Lookups!$D$4:$J$8,'Design Phase'!U44+2)) -> Select L & C | P44: =IF(D44=Lookups!$B$4,1,IF(D44=Lookups!$B$5,2,IF(D44=Lookups!$B$6,3,IF(D44=Lookups!$B$7,4,IF(D44=Lookups!$B$8,5,0))))) -> 0 | Q44: =IF(E44=Lookups!$C$4,1,IF(E44=Lookups!$C$5,2,IF(E44=Lookups!$C$6,3,IF(E44=Lookups!$C$7,4,IF(E44=Lookups!$C$8,5,0))))) -> 0 | U44: =IF(I44=Lookups!$B$4,1,IF(I44=Lookups!$B$5,2,IF(I44=Lookups!$B$6,3,IF(I44=Lookups!$B$7,4,IF(I44=Lookups!$B$8,5,0))))) -> 0 | V44: =IF(J44=Lookups!$C$4,1,IF(J44=Lookups!$C$5,2,IF(J44=Lookups!$C$6,3,IF(J44=Lookups!$C$7,4,IF(J44=Lookups!$C$8,5,0))))) -> 0
C45: Volume of detoured traffic has unacceptable impact on surrounding areas including - property and business access is compromised - Increased congestion on other parts of the road network leading to compromised safety outcomes | F45: =IF(P45*Q45=0,$S$15,VLOOKUP(Q45,Lookups!$D$4:$J$8,'Design Phase'!P45+2)) -> Select L & C | K45: =IF(U45*V45=0,$S$15,VLOOKUP(V45,Lookups!$D$4:$J$8,'Design Phase'!U45+2)) -> Select L & C | P45: =IF(D45=Lookups!$B$4,1,IF(D45=Lookups!$B$5,2,IF(D45=Lookups!$B$6,3,IF(D45=Lookups!$B$7,4,IF(D45=Lookups!$B$8,5,0))))) -> 0 | Q45: =IF(E45=Lookups!$C$4,1,IF(E45=Lookups!$C$5,2,IF(E45=Lookups!$C$6,3,IF(E45=Lookups!$C$7,4,IF(E45=Lookups!$C$8,5,0))))) -> 0 | U45: =IF(I45=Lookups!$B$4,1,IF(I45=Lookups!$B$5,2,IF(I45=Lookups!$B$6,3,IF(I45=Lookups!$B$7,4,IF(I45=Lookups!$B$8,5,0))))) -> 0 | V45: =IF(J45=Lookups!$C$4,1,IF(J45=Lookups!$C$5,2,IF(J45=Lookups!$C$6,3,IF(J45=Lookups!$C$7,4,IF(J45=Lookups!$C$8,5,0))))) -> 0
B46: Additional design phase items
B47: Unexpected changes in traffic volumes | C47: Increased congestion / delays leads to dangerous / agrssive driver behaviour and increased potential for wide network impacts and collisions | F47: =IF(P47*Q47=0,$S$15,VLOOKUP(Q47,Lookups!$D$4:$J$8,'Design Phase'!P47+2)) -> Select L & C | K47: =IF(U47*V47=0,$S$15,VLOOKUP(V47,Lookups!$D$4:$J$8,'Design Phase'!U47+2)) -> Select L & C | P47: =IF(D47=Lookups!$B$4,1,IF(D47=Lookups!$B$5,2,IF(D47=Lookups!$B$6,3,IF(D47=Lookups!$B$7,4,IF(D47=Lookups!$B$8,5,0))))) -> 0 | Q47: =IF(E47=Lookups!$C$4,1,IF(E47=Lookups!$C$5,2,IF(E47=Lookups!$C$6,3,IF(E47=Lookups!$C$7,4,IF(E47=Lookups!$C$8,5,0))))) -> 0 | S47: High | U47: =IF(I47=Lookups!$B$4,1,IF(I47=Lookups!$B$5,2,IF(I47=Lookups!$B$6,3,IF(I47=Lookups!$B$7,4,IF(I47=Lookups!$B$8,5,0))))) -> 0 | V47: =IF(J47=Lookups!$C$4,1,IF(J47=Lookups!$C$5,2,IF(J47=Lookups!$C$6,3,IF(J47=Lookups!$C$7,4,IF(J47=Lookups!$C$8,5,0))))) -> 0
B48: Speed choices | P48: =IF(D48=Lookups!$B$4,1,IF(D48=Lookups!$B$5,2,IF(D48=Lookups!$B$6,3,IF(D48=Lookups!$B$7,4,IF(D48=Lookups!$B$8,5,0))))) -> 0 | Q48: =IF(E48=Lookups!$C$4,1,IF(E48=Lookups!$C$5,2,IF(E48=Lookups!$C$6,3,IF(E48=Lookups!$C$7,4,IF(E48=Lookups!$C$8,5,0))))) -> 0 | U48: =IF(I48=Lookups!$B$4,1,IF(I48=Lookups!$B$5,2,IF(I48=Lookups!$B$6,3,IF(I48=Lookups!$B$7,4,IF(I48=Lookups!$B$8,5,0))))) -> 0 | V48: =IF(J48=Lookups!$C$4,1,IF(J48=Lookups!$C$5,2,IF(J48=Lookups!$C$6,3,IF(J48=Lookups!$C$7,4,IF(J48=Lookups!$C$8,5,0))))) -> 0
B49: Planning Phase items - need to be considered/reviewed in design phase as well unless closed out or deemed not applicable in planning phase
B50: Reductions in speed limits, considering the safety of workers and road users are not considered credible to drivers | C50: Road users travel at inappropriate speeds due to lack of understanding of applicable speed limits leads to increased likelihood and severity of incidents | F50: =IF(P50*Q50=0,$S$15,VLOOKUP(Q50,Lookups!$D$4:$J$8,'Design Phase'!P50+2)) -> Select L & C | K50: =IF(U50*V50=0,$S$15,VLOOKUP(V50,Lookups!$D$4:$J$8,'Design Phase'!U50+2)) -> Select L & C | P50: =IF(D50=Lookups!$B$4,1,IF(D50=Lookups!$B$5,2,IF(D50=Lookups!$B$6,3,IF(D50=Lookups!$B$7,4,IF(D50=Lookups!$B$8,5,0))))) -> 0 | Q50: =IF(E50=Lookups!$C$4,1,IF(E50=Lookups!$C$5,2,IF(E50=Lookups!$C$6,3,IF(E50=Lookups!$C$7,4,IF(E50=Lookups!$C$8,5,0))))) -> 0 | U50: =IF(I50=Lookups!$B$4,1,IF(I50=Lookups!$B$5,2,IF(I50=Lookups!$B$6,3,IF(I50=Lookups!$B$7,4,IF(I50=Lookups!$B$8,5,0))))) -> 0 | V50: =IF(J50=Lookups!$C$4,1,IF(J50=Lookups!$C$5,2,IF(J50=Lookups!$C$6,3,IF(J50=Lookups!$C$7,4,IF(J50=Lookups!$C$8,5,0))))) -> 0
B51: Additional design phase items
B52: Site features including road surface, road geometry, lane widths and proximity of plant and TTM devices to traffic are a hazard to traffic at permanent posted speed | C52: Speed of traffic through the site is not safe for all road users during the works | F52: =IF(P52*Q52=0,$S$15,VLOOKUP(Q52,Lookups!$D$4:$J$8,'Design Phase'!P52+2)) -> Select L & C | K52: =IF(U52*V52=0,$S$15,VLOOKUP(V52,Lookups!$D$4:$J$8,'Design Phase'!U52+2)) -> Select L & C | P52: =IF(D52=Lookups!$B$4,1,IF(D52=Lookups!$B$5,2,IF(D52=Lookups!$B$6,3,IF(D52=Lookups!$B$7,4,IF(D52=Lookups!$B$8,5,0))))) -> 0 | Q52: =IF(E52=Lookups!$C$4,1,IF(E52=Lookups!$C$5,2,IF(E52=Lookups!$C$6,3,IF(E52=Lookups!$C$7,4,IF(E52=Lookups!$C$8,5,0))))) -> 0 | S52: High | U52: =IF(I52=Lookups!$B$4,1,IF(I52=Lookups!$B$5,2,IF(I52=Lookups!$B$6,3,IF(I52=Lookups!$B$7,4,IF(I52=Lookups!$B$8,5,0))))) -> 0 | V52: =IF(J52=Lookups!$C$4,1,IF(J52=Lookups!$C$5,2,IF(J52=Lookups!$C$6,3,IF(J52=Lookups!$C$7,4,IF(J52=Lookups!$C$8,5,0))))) -> 0
B53: Worksite operations | P53: =IF(D53=Lookups!$B$4,1,IF(D53=Lookups!$B$5,2,IF(D53=Lookups!$B$6,3,IF(D53=Lookups!$B$7,4,IF(D53=Lookups!$B$8,5,0))))) -> 0 | Q53: =IF(E53=Lookups!$C$4,1,IF(E53=Lookups!$C$5,2,IF(E53=Lookups!$C$6,3,IF(E53=Lookups!$C$7,4,IF(E53=Lookups!$C$8,5,0))))) -> 0 | U53: =IF(I53=Lookups!$B$4,1,IF(I53=Lookups!$B$5,2,IF(I53=Lookups!$B$6,3,IF(I53=Lookups!$B$7,4,IF(I53=Lookups!$B$8,5,0))))) -> 0 | V53: =IF(J53=Lookups!$C$4,1,IF(J53=Lookups!$C$5,2,IF(J53=Lookups!$C$6,3,IF(J53=Lookups!$C$7,4,IF(J53=Lookups!$C$8,5,0))))) -> 0
B54: Planning Phase items - need to be considered/reviewed in design phase as well unless closed out or deemed not applicable in planning phase
B55: Site in operation during times of night / low visibility | C55: Sight distance or vision of road user compromised on approach to worksite results in road user unable to respond in a timely manner to the hazard ahead | F55: =IF(P55*Q55=0,$S$15,VLOOKUP(Q55,Lookups!$D$4:$J$8,'Design Phase'!P55+2)) -> Select L & C | K55: =IF(U55*V55=0,$S$15,VLOOKUP(V55,Lookups!$D$4:$J$8,'Design Phase'!U55+2)) -> Select L & C | P55: =IF(D55=Lookups!$B$4,1,IF(D55=Lookups!$B$5,2,IF(D55=Lookups!$B$6,3,IF(D55=Lookups!$B$7,4,IF(D55=Lookups!$B$8,5,0))))) -> 0 | Q55: =IF(E55=Lookups!$C$4,1,IF(E55=Lookups!$C$5,2,IF(E55=Lookups!$C$6,3,IF(E55=Lookups!$C$7,4,IF(E55=Lookups!$C$8,5,0))))) -> 0 | U55: =IF(I55=Lookups!$B$4,1,IF(I55=Lookups!$B$5,2,IF(I55=Lookups!$B$6,3,IF(I55=Lookups!$B$7,4,IF(I55=Lookups!$B$8,5,0))))) -> 0 | V55: =IF(J55=Lookups!$C$4,1,IF(J55=Lookups!$C$5,2,IF(J55=Lookups!$C$6,3,IF(J55=Lookups!$C$7,4,IF(J55=Lookups!$C$8,5,0))))) -> 0
B56: Periods in which work can and cannot occur | C56: Work occurs at inappropriate times of the day - Disruption of residential areas - Interference with known peak traffic times - Frequent interference with usual business activity - Dust and noise impacts on surrounding areas | F56: =IF(P56*Q56=0,$S$15,VLOOKUP(Q56,Lookups!$D$4:$J$8,'Design Phase'!P56+2)) -> Select L & C | K56: =IF(U56*V56=0,$S$15,VLOOKUP(V56,Lookups!$D$4:$J$8,'Design Phase'!U56+2)) -> Select L & C | P56: =IF(D56=Lookups!$B$4,1,IF(D56=Lookups!$B$5,2,IF(D56=Lookups!$B$6,3,IF(D56=Lookups!$B$7,4,IF(D56=Lookups!$B$8,5,0))))) -> 0 | Q56: =IF(E56=Lookups!$C$4,1,IF(E56=Lookups!$C$5,2,IF(E56=Lookups!$C$6,3,IF(E56=Lookups!$C$7,4,IF(E56=Lookups!$C$8,5,0))))) -> 0 | U56: =IF(I56=Lookups!$B$4,1,IF(I56=Lookups!$B$5,2,IF(I56=Lookups!$B$6,3,IF(I56=Lookups!$B$7,4,IF(I56=Lookups!$B$8,5,0))))) -> 0 | V56: =IF(J56=Lookups!$C$4,1,IF(J56=Lookups!$C$5,2,IF(J56=Lookups!$C$6,3,IF(J56=Lookups!$C$7,4,IF(J56=Lookups!$C$8,5,0))))) -> 0
B57: TMP implemention for excessive time within a single shift | C57: Staff fatigue leads to decreased concentration of road workers leading to increased likelihood of incidents | F57: =IF(P57*Q57=0,$S$15,VLOOKUP(Q57,Lookups!$D$4:$J$8,'Design Phase'!P57+2)) -> Select L & C | K57: =IF(U57*V57=0,$S$15,VLOOKUP(V57,Lookups!$D$4:$J$8,'Design Phase'!U57+2)) -> Select L & C | P57: =IF(D57=Lookups!$B$4,1,IF(D57=Lookups!$B$5,2,IF(D57=Lookups!$B$6,3,IF(D57=Lookups!$B$7,4,IF(D57=Lookups!$B$8,5,0))))) -> 0 | Q57: =IF(E57=Lookups!$C$4,1,IF(E57=Lookups!$C$5,2,IF(E57=Lookups!$C$6,3,IF(E57=Lookups!$C$7,4,IF(E57=Lookups!$C$8,5,0))))) -> 0 | U57: =IF(I57=Lookups!$B$4,1,IF(I57=Lookups!$B$5,2,IF(I57=Lookups!$B$6,3,IF(I57=Lookups!$B$7,4,IF(I57=Lookups!$B$8,5,0))))) -> 0 | V57: =IF(J57=Lookups!$C$4,1,IF(J57=Lookups!$C$5,2,IF(J57=Lookups!$C$6,3,IF(J57=Lookups!$C$7,4,IF(J57=Lookups!$C$8,5,0))))) -> 0
B58: Additional design phase items
B59: Incident in / near the work area involving a road accident, breakdown or crash into the worksite | C59: Impacts on works activities, ability to complete works on time, and wider network imacts and delays. | F59: =IF(P59*Q59=0,$S$15,VLOOKUP(Q59,Lookups!$D$4:$J$8,'Design Phase'!P59+2)) -> Select L & C | K59: =IF(U59*V59=0,$S$15,VLOOKUP(V59,Lookups!$D$4:$J$8,'Design Phase'!U59+2)) -> Select L & C | P59: =IF(D59=Lookups!$B$4,1,IF(D59=Lookups!$B$5,2,IF(D59=Lookups!$B$6,3,IF(D59=Lookups!$B$7,4,IF(D59=Lookups!$B$8,5,0))))) -> 0 | Q59: =IF(E59=Lookups!$C$4,1,IF(E59=Lookups!$C$5,2,IF(E59=Lookups!$C$6,3,IF(E59=Lookups!$C$7,4,IF(E59=Lookups!$C$8,5,0))))) -> 0 | U59: =IF(I59=Lookups!$B$4,1,IF(I59=Lookups!$B$5,2,IF(I59=Lookups!$B$6,3,IF(I59=Lookups!$B$7,4,IF(I59=Lookups!$B$8,5,0))))) -> 0 | V59: =IF(J59=Lookups!$C$4,1,IF(J59=Lookups!$C$5,2,IF(J59=Lookups!$C$6,3,IF(J59=Lookups!$C$7,4,IF(J59=Lookups!$C$8,5,0))))) -> 0
B60: Complex works require extended experience from field staff to ensure correct implementation | C60: TTM devices are not installed in the correct location, order or to ensure effectiveness for the intended users leading to reduced comprehension by road users. | F60: =IF(P60*Q60=0,$S$15,VLOOKUP(Q60,Lookups!$D$4:$J$8,'Design Phase'!P60+2)) -> Select L & C | K60: =IF(U60*V60=0,$S$15,VLOOKUP(V60,Lookups!$D$4:$J$8,'Design Phase'!U60+2)) -> Select L & C
B61: Complex works activities with multiple different TTM stages / TGS diagrams | C61: TGS and site works not aligned with works not adequately protected | F61: =IF(P61*Q61=0,$S$15,VLOOKUP(Q61,Lookups!$D$4:$J$8,'Design Phase'!P61+2)) -> Select L & C | K61: =IF(U61*V61=0,$S$15,VLOOKUP(V61,Lookups!$D$4:$J$8,'Design Phase'!U61+2)) -> Select L & C | P61: =IF(D61=Lookups!$B$4,1,IF(D61=Lookups!$B$5,2,IF(D61=Lookups!$B$6,3,IF(D61=Lookups!$B$7,4,IF(D61=Lookups!$B$8,5,0))))) -> 0 | Q61: =IF(E61=Lookups!$C$4,1,IF(E61=Lookups!$C$5,2,IF(E61=Lookups!$C$6,3,IF(E61=Lookups!$C$7,4,IF(E61=Lookups!$C$8,5,0))))) -> 0 | S61: High | U61: =IF(I61=Lookups!$B$4,1,IF(I61=Lookups!$B$5,2,IF(I61=Lookups!$B$6,3,IF(I61=Lookups!$B$7,4,IF(I61=Lookups!$B$8,5,0))))) -> 0 | V61: =IF(J61=Lookups!$C$4,1,IF(J61=Lookups!$C$5,2,IF(J61=Lookups!$C$6,3,IF(J61=Lookups!$C$7,4,IF(J61=Lookups!$C$8,5,0))))) -> 0
B62: Emergency Vehicles | P62: =IF(D62=Lookups!$B$4,1,IF(D62=Lookups!$B$5,2,IF(D62=Lookups!$B$6,3,IF(D62=Lookups!$B$7,4,IF(D62=Lookups!$B$8,5,0))))) -> 0 | Q62: =IF(E62=Lookups!$C$4,1,IF(E62=Lookups!$C$5,2,IF(E62=Lookups!$C$6,3,IF(E62=Lookups!$C$7,4,IF(E62=Lookups!$C$8,5,0))))) -> 0 | U62: =IF(I62=Lookups!$B$4,1,IF(I62=Lookups!$B$5,2,IF(I62=Lookups!$B$6,3,IF(I62=Lookups!$B$7,4,IF(I62=Lookups!$B$8,5,0))))) -> 0 | V62: =IF(J62=Lookups!$C$4,1,IF(J62=Lookups!$C$5,2,IF(J62=Lookups!$C$6,3,IF(J62=Lookups!$C$7,4,IF(J62=Lookups!$C$8,5,0))))) -> 0
B63: Planning Phase items - need to be considered/reviewed in design phase as well unless closed out or deemed not applicable in planning phase
B64: Works lead to excessive traffic queues and delays leads to unacceptably long delays to road users | C64: Emergency vehicles access past the works area is blocked by works activities or queued traffic leading to unacceptable delays to emergency vehicles | F64: =IF(P64*Q64=0,$S$15,VLOOKUP(Q64,Lookups!$D$4:$J$8,'Design Phase'!P64+2)) -> Select L & C | K64: =IF(U64*V64=0,$S$15,VLOOKUP(V64,Lookups!$D$4:$J$8,'Design Phase'!U64+2)) -> Select L & C | P64: =IF(D64=Lookups!$B$4,1,IF(D64=Lookups!$B$5,2,IF(D64=Lookups!$B$6,3,IF(D64=Lookups!$B$7,4,IF(D64=Lookups!$B$8,5,0))))) -> 0 | Q64: =IF(E64=Lookups!$C$4,1,IF(E64=Lookups!$C$5,2,IF(E64=Lookups!$C$6,3,IF(E64=Lookups!$C$7,4,IF(E64=Lookups!$C$8,5,0))))) -> 0 | U64: =IF(I64=Lookups!$B$4,1,IF(I64=Lookups!$B$5,2,IF(I64=Lookups!$B$6,3,IF(I64=Lookups!$B$7,4,IF(I64=Lookups!$B$8,5,0))))) -> 0 | V64: =IF(J64=Lookups!$C$4,1,IF(J64=Lookups!$C$5,2,IF(J64=Lookups!$C$6,3,IF(J64=Lookups!$C$7,4,IF(J64=Lookups!$C$8,5,0))))) -> 0
B65: Emergency vehicle access to the worksite not clear | C65: Extended delay to attend to injured workers or road users at the worksite | F65: =IF(P65*Q65=0,$S$15,VLOOKUP(Q65,Lookups!$D$4:$J$8,'Design Phase'!P65+2)) -> Select L & C | K65: =IF(U65*V65=0,$S$15,VLOOKUP(V65,Lookups!$D$4:$J$8,'Design Phase'!U65+2)) -> Select L & C | P65: =IF(D65=Lookups!$B$4,1,IF(D65=Lookups!$B$5,2,IF(D65=Lookups!$B$6,3,IF(D65=Lookups!$B$7,4,IF(D65=Lookups!$B$8,5,0))))) -> 0 | Q65: =IF(E65=Lookups!$C$4,1,IF(E65=Lookups!$C$5,2,IF(E65=Lookups!$C$6,3,IF(E65=Lookups!$C$7,4,IF(E65=Lookups!$C$8,5,0))))) -> 0 | U65: =IF(I65=Lookups!$B$4,1,IF(I65=Lookups!$B$5,2,IF(I65=Lookups!$B$6,3,IF(I65=Lookups!$B$7,4,IF(I65=Lookups!$B$8,5,0))))) -> 0 | V65: =IF(J65=Lookups!$C$4,1,IF(J65=Lookups!$C$5,2,IF(J65=Lookups!$C$6,3,IF(J65=Lookups!$C$7,4,IF(J65=Lookups!$C$8,5,0))))) -> 0
B66: Public Transport | P66: =IF(D66=Lookups!$B$4,1,IF(D66=Lookups!$B$5,2,IF(D66=Lookups!$B$6,3,IF(D66=Lookups!$B$7,4,IF(D66=Lookups!$B$8,5,0))))) -> 0 | Q66: =IF(E66=Lookups!$C$4,1,IF(E66=Lookups!$C$5,2,IF(E66=Lookups!$C$6,3,IF(E66=Lookups!$C$7,4,IF(E66=Lookups!$C$8,5,0))))) -> 0 | U66: =IF(I66=Lookups!$B$4,1,IF(I66=Lookups!$B$5,2,IF(I66=Lookups!$B$6,3,IF(I66=Lookups!$B$7,4,IF(I66=Lookups!$B$8,5,0))))) -> 0 | V66: =IF(J66=Lookups!$C$4,1,IF(J66=Lookups!$C$5,2,IF(J66=Lookups!$C$6,3,IF(J66=Lookups!$C$7,4,IF(J66=Lookups!$C$8,5,0))))) -> 0
B67: Planning Phase items - need to be considered/reviewed in design phase as well unless closed out or deemed not applicable in planning phase
B68: Public transport stops and routes located in works area - impact on provision of usual services | C68: Negative community perception of the impact of the worksite | F68: =IF(P68*Q68=0,$S$15,VLOOKUP(Q68,Lookups!$D$4:$J$8,'Design Phase'!P68+2)) -> Select L & C | K68: =IF(U68*V68=0,$S$15,VLOOKUP(V68,Lookups!$D$4:$J$8,'Design Phase'!U68+2)) -> Select L & C | P68: =IF(D68=Lookups!$B$4,1,IF(D68=Lookups!$B$5,2,IF(D68=Lookups!$B$6,3,IF(D68=Lookups!$B$7,4,IF(D68=Lookups!$B$8,5,0))))) -> 0 | Q68: =IF(E68=Lookups!$C$4,1,IF(E68=Lookups!$C$5,2,IF(E68=Lookups!$C$6,3,IF(E68=Lookups!$C$7,4,IF(E68=Lookups!$C$8,5,0))))) -> 0 | U68: =IF(I68=Lookups!$B$4,1,IF(I68=Lookups!$B$5,2,IF(I68=Lookups!$B$6,3,IF(I68=Lookups!$B$7,4,IF(I68=Lookups!$B$8,5,0))))) -> 0 | V68: =IF(J68=Lookups!$C$4,1,IF(J68=Lookups!$C$5,2,IF(J68=Lookups!$C$6,3,IF(J68=Lookups!$C$7,4,IF(J68=Lookups!$C$8,5,0))))) -> 0
C69: Unpredictable public transport vehicle movements and passenger movements near the worksite | F69: =IF(P69*Q69=0,$S$15,VLOOKUP(Q69,Lookups!$D$4:$J$8,'Design Phase'!P69+2)) -> Select L & C | K69: =IF(U69*V69=0,$S$15,VLOOKUP(V69,Lookups!$D$4:$J$8,'Design Phase'!U69+2)) -> Select L & C | P69: =IF(D69=Lookups!$B$4,1,IF(D69=Lookups!$B$5,2,IF(D69=Lookups!$B$6,3,IF(D69=Lookups!$B$7,4,IF(D69=Lookups!$B$8,5,0))))) -> 0 | Q69: =IF(E69=Lookups!$C$4,1,IF(E69=Lookups!$C$5,2,IF(E69=Lookups!$C$6,3,IF(E69=Lookups!$C$7,4,IF(E69=Lookups!$C$8,5,0))))) -> 0 | U69: =IF(I69=Lookups!$B$4,1,IF(I69=Lookups!$B$5,2,IF(I69=Lookups!$B$6,3,IF(I69=Lookups!$B$7,4,IF(I69=Lookups!$B$8,5,0))))) -> 0 | V69: =IF(J69=Lookups!$C$4,1,IF(J69=Lookups!$C$5,2,IF(J69=Lookups!$C$6,3,IF(J69=Lookups!$C$7,4,IF(J69=Lookups!$C$8,5,0))))) -> 0
B70: Site Access | P70: =IF(D70=Lookups!$B$4,1,IF(D70=Lookups!$B$5,2,IF(D70=Lookups!$B$6,3,IF(D70=Lookups!$B$7,4,IF(D70=Lookups!$B$8,5,0))))) -> 0 | Q70: =IF(E70=Lookups!$C$4,1,IF(E70=Lookups!$C$5,2,IF(E70=Lookups!$C$6,3,IF(E70=Lookups!$C$7,4,IF(E70=Lookups!$C$8,5,0))))) -> 0 | U70: =IF(I70=Lookups!$B$4,1,IF(I70=Lookups!$B$5,2,IF(I70=Lookups!$B$6,3,IF(I70=Lookups!$B$7,4,IF(I70=Lookups!$B$8,5,0))))) -> 0 | V70: =IF(J70=Lookups!$C$4,1,IF(J70=Lookups!$C$5,2,IF(J70=Lookups!$C$6,3,IF(J70=Lookups!$C$7,4,IF(J70=Lookups!$C$8,5,0))))) -> 0
B71: Planning Phase items - need to be considered/reviewed in design phase as well unless closed out or deemed not applicable in planning phase
B72: Site access for construction vehicles is not clearly defined / managed | C72: Construction vehicles stop / queue in unsafe locations causes conflicts with VRUs or congestion for passing traffic | F72: =IF(P72*Q72=0,$S$15,VLOOKUP(Q72,Lookups!$D$4:$J$8,'Design Phase'!P72+2)) -> Select L & C | K72: =IF(U72*V72=0,$S$15,VLOOKUP(V72,Lookups!$D$4:$J$8,'Design Phase'!U72+2)) -> Select L & C | P72: =IF(D72=Lookups!$B$4,1,IF(D72=Lookups!$B$5,2,IF(D72=Lookups!$B$6,3,IF(D72=Lookups!$B$7,4,IF(D72=Lookups!$B$8,5,0))))) -> 0 | Q72: =IF(E72=Lookups!$C$4,1,IF(E72=Lookups!$C$5,2,IF(E72=Lookups!$C$6,3,IF(E72=Lookups!$C$7,4,IF(E72=Lookups!$C$8,5,0))))) -> 0 | U72: =IF(I72=Lookups!$B$4,1,IF(I72=Lookups!$B$5,2,IF(I72=Lookups!$B$6,3,IF(I72=Lookups!$B$7,4,IF(I72=Lookups!$B$8,5,0))))) -> 0 | V72: =IF(J72=Lookups!$C$4,1,IF(J72=Lookups!$C$5,2,IF(J72=Lookups!$C$6,3,IF(J72=Lookups!$C$7,4,IF(J72=Lookups!$C$8,5,0))))) -> 0
C73: Construction vehicles use inappropriate entry and exit points leading to colisions with traffic.
C74: Passing traffic inadvertently enters worksites leading to worker injury due to unexpected vehicle entry to worksite | F74: =IF(P74*Q74=0,$S$15,VLOOKUP(Q74,Lookups!$D$4:$J$8,'Design Phase'!P74+2)) -> Select L & C | K74: =IF(U74*V74=0,$S$15,VLOOKUP(V74,Lookups!$D$4:$J$8,'Design Phase'!U74+2)) -> Select L & C | P74: =IF(D74=Lookups!$B$4,1,IF(D74=Lookups!$B$5,2,IF(D74=Lookups!$B$6,3,IF(D74=Lookups!$B$7,4,IF(D74=Lookups!$B$8,5,0))))) -> 0 | Q74: =IF(E74=Lookups!$C$4,1,IF(E74=Lookups!$C$5,2,IF(E74=Lookups!$C$6,3,IF(E74=Lookups!$C$7,4,IF(E74=Lookups!$C$8,5,0))))) -> 0 | U74: =IF(I74=Lookups!$B$4,1,IF(I74=Lookups!$B$5,2,IF(I74=Lookups!$B$6,3,IF(I74=Lookups!$B$7,4,IF(I74=Lookups!$B$8,5,0))))) -> 0 | V74: =IF(J74=Lookups!$C$4,1,IF(J74=Lookups!$C$5,2,IF(J74=Lookups!$C$6,3,IF(J74=Lookups!$C$7,4,IF(J74=Lookups!$C$8,5,0))))) -> 0
B75: Additional design phase items
B76: Congestion at entry leads | C76: Impacts on traffic flow creating wider network impacts and potential for collisions | F76: =IF(P76*Q76=0,$S$15,VLOOKUP(Q76,Lookups!$D$4:$J$8,'Design Phase'!P76+2)) -> Select L & C | K76: =IF(U76*V76=0,$S$15,VLOOKUP(V76,Lookups!$D$4:$J$8,'Design Phase'!U76+2)) -> Select L & C | P76: =IF(D76=Lookups!$B$4,1,IF(D76=Lookups!$B$5,2,IF(D76=Lookups!$B$6,3,IF(D76=Lookups!$B$7,4,IF(D76=Lookups!$B$8,5,0))))) -> 0 | Q76: =IF(E76=Lookups!$C$4,1,IF(E76=Lookups!$C$5,2,IF(E76=Lookups!$C$6,3,IF(E76=Lookups!$C$7,4,IF(E76=Lookups!$C$8,5,0))))) -> 0 | U76: =IF(I76=Lookups!$B$4,1,IF(I76=Lookups!$B$5,2,IF(I76=Lookups!$B$6,3,IF(I76=Lookups!$B$7,4,IF(I76=Lookups!$B$8,5,0))))) -> 0 | V76: =IF(J76=Lookups!$C$4,1,IF(J76=Lookups!$C$5,2,IF(J76=Lookups!$C$6,3,IF(J76=Lookups!$C$7,4,IF(J76=Lookups!$C$8,5,0))))) -> 0
B77: Unscheduled deliveries | C77: Impacts on traffic flow creating wider network impacts and potential for collisions | F77: =IF(P77*Q77=0,$S$15,VLOOKUP(Q77,Lookups!$D$4:$J$8,'Design Phase'!P77+2)) -> Select L & C | K77: =IF(U77*V77=0,$S$15,VLOOKUP(V77,Lookups!$D$4:$J$8,'Design Phase'!U77+2)) -> Select L & C | P77: =IF(D77=Lookups!$B$4,1,IF(D77=Lookups!$B$5,2,IF(D77=Lookups!$B$6,3,IF(D77=Lookups!$B$7,4,IF(D77=Lookups!$B$8,5,0))))) -> 0 | Q77: =IF(E77=Lookups!$C$4,1,IF(E77=Lookups!$C$5,2,IF(E77=Lookups!$C$6,3,IF(E77=Lookups!$C$7,4,IF(E77=Lookups!$C$8,5,0))))) -> 0 | U77: =IF(I77=Lookups!$B$4,1,IF(I77=Lookups!$B$5,2,IF(I77=Lookups!$B$6,3,IF(I77=Lookups!$B$7,4,IF(I77=Lookups!$B$8,5,0))))) -> 0 | V77: =IF(J77=Lookups!$C$4,1,IF(J77=Lookups!$C$5,2,IF(J77=Lookups!$C$6,3,IF(J77=Lookups!$C$7,4,IF(J77=Lookups!$C$8,5,0))))) -> 0
B78: Exit from work site to high speed roads | C78: Insufficient acceleration length leads to unsafe exit to the traffic stream and collisions with through traffic | F78: =IF(P78*Q78=0,$S$15,VLOOKUP(Q78,Lookups!$D$4:$J$8,'Design Phase'!P78+2)) -> Select L & C | K78: =IF(U78*V78=0,$S$15,VLOOKUP(V78,Lookups!$D$4:$J$8,'Design Phase'!U78+2)) -> Select L & C | P78: =IF(D78=Lookups!$B$4,1,IF(D78=Lookups!$B$5,2,IF(D78=Lookups!$B$6,3,IF(D78=Lookups!$B$7,4,IF(D78=Lookups!$B$8,5,0))))) -> 0 | Q78: =IF(E78=Lookups!$C$4,1,IF(E78=Lookups!$C$5,2,IF(E78=Lookups!$C$6,3,IF(E78=Lookups!$C$7,4,IF(E78=Lookups!$C$8,5,0))))) -> 0 | U78: =IF(I78=Lookups!$B$4,1,IF(I78=Lookups!$B$5,2,IF(I78=Lookups!$B$6,3,IF(I78=Lookups!$B$7,4,IF(I78=Lookups!$B$8,5,0))))) -> 0 | V78: =IF(J78=Lookups!$C$4,1,IF(J78=Lookups!$C$5,2,IF(J78=Lookups!$C$6,3,IF(J78=Lookups!$C$7,4,IF(J78=Lookups!$C$8,5,0))))) -> 0
B79: Property Access | P79: =IF(D79=Lookups!$B$4,1,IF(D79=Lookups!$B$5,2,IF(D79=Lookups!$B$6,3,IF(D79=Lookups!$B$7,4,IF(D79=Lookups!$B$8,5,0))))) -> 0 | Q79: =IF(E79=Lookups!$C$4,1,IF(E79=Lookups!$C$5,2,IF(E79=Lookups!$C$6,3,IF(E79=Lookups!$C$7,4,IF(E79=Lookups!$C$8,5,0))))) -> 0 | U79: =IF(I79=Lookups!$B$4,1,IF(I79=Lookups!$B$5,2,IF(I79=Lookups!$B$6,3,IF(I79=Lookups!$B$7,4,IF(I79=Lookups!$B$8,5,0))))) -> 0 | V79: =IF(J79=Lookups!$C$4,1,IF(J79=Lookups!$C$5,2,IF(J79=Lookups!$C$6,3,IF(J79=Lookups!$C$7,4,IF(J79=Lookups!$C$8,5,0))))) -> 0
B80: Planning Phase items - need to be considered/reviewed in design phase as well unless closed out or deemed not applicable in planning phase
B81: Closure or roads or turn movements at intersections affects adjoining properties with access near or at the site | C81: Vehicle access to properties compromised by road closures or delays leads to decreasd community acceptance of the presence of the worksite. | F81: =IF(P81*Q81=0,$S$15,VLOOKUP(Q81,Lookups!$D$4:$J$8,'Design Phase'!P81+2)) -> Select L & C | K81: =IF(U81*V81=0,$S$15,VLOOKUP(V81,Lookups!$D$4:$J$8,'Design Phase'!U81+2)) -> Select L & C | P81: =IF(D81=Lookups!$B$4,1,IF(D81=Lookups!$B$5,2,IF(D81=Lookups!$B$6,3,IF(D81=Lookups!$B$7,4,IF(D81=Lookups!$B$8,5,0))))) -> 0 | Q81: =IF(E81=Lookups!$C$4,1,IF(E81=Lookups!$C$5,2,IF(E81=Lookups!$C$6,3,IF(E81=Lookups!$C$7,4,IF(E81=Lookups!$C$8,5,0))))) -> 0 | U81: =IF(I81=Lookups!$B$4,1,IF(I81=Lookups!$B$5,2,IF(I81=Lookups!$B$6,3,IF(I81=Lookups!$B$7,4,IF(I81=Lookups!$B$8,5,0))))) -> 0 | V81: =IF(J81=Lookups!$C$4,1,IF(J81=Lookups!$C$5,2,IF(J81=Lookups!$C$6,3,IF(J81=Lookups!$C$7,4,IF(J81=Lookups!$C$8,5,0))))) -> 0
B82: Rural property access and stock crossings within the worksite | C82: disruption of essential stock crossing movemenets and disruption of local rural economic activity | F82: =IF(P82*Q82=0,$S$15,VLOOKUP(Q82,Lookups!$D$4:$J$8,'Design Phase'!P82+2)) -> Select L & C | K82: =IF(U82*V82=0,$S$15,VLOOKUP(V82,Lookups!$D$4:$J$8,'Design Phase'!U82+2)) -> Select L & C
B83: Parking facilities exist within the proposed worksite | C83: Reduction in available parking facilities leads to illegal or unsafe parking practices in and around the worksite. | F83: =IF(P83*Q83=0,$S$15,VLOOKUP(Q83,Lookups!$D$4:$J$8,'Design Phase'!P83+2)) -> Select L & C | K83: =IF(U83*V83=0,$S$15,VLOOKUP(V83,Lookups!$D$4:$J$8,'Design Phase'!U83+2)) -> Select L & C
B84: Additional design phase items
B85: TTM devices block sight lines for vehicles entering / exiting properties | C85: Potential collisiopns between enetering / exiting traffic and through traffic on the road. | F85: =IF(P85*Q85=0,$S$15,VLOOKUP(Q85,Lookups!$D$4:$J$8,'Design Phase'!P85+2)) -> Select L & C | K85: =IF(U85*V85=0,$S$15,VLOOKUP(V85,Lookups!$D$4:$J$8,'Design Phase'!U85+2)) -> Select L & C | P85: =IF(D85=Lookups!$B$4,1,IF(D85=Lookups!$B$5,2,IF(D85=Lookups!$B$6,3,IF(D85=Lookups!$B$7,4,IF(D85=Lookups!$B$8,5,0))))) -> 0 | Q85: =IF(E85=Lookups!$C$4,1,IF(E85=Lookups!$C$5,2,IF(E85=Lookups!$C$6,3,IF(E85=Lookups!$C$7,4,IF(E85=Lookups!$C$8,5,0))))) -> 0 | S85: High | U85: =IF(I85=Lookups!$B$4,1,IF(I85=Lookups!$B$5,2,IF(I85=Lookups!$B$6,3,IF(I85=Lookups!$B$7,4,IF(I85=Lookups!$B$8,5,0))))) -> 0 | V85: =IF(J85=Lookups!$C$4,1,IF(J85=Lookups!$C$5,2,IF(J85=Lookups!$C$6,3,IF(J85=Lookups!$C$7,4,IF(J85=Lookups!$C$8,5,0))))) -> 0
B86: Parking facilities exist within the proposed worksite | C86: Parked vehicles obstruct TTM devices or create hazardous situtations within the worksite. | F86: =IF(P86*Q86=0,$S$15,VLOOKUP(Q86,Lookups!$D$4:$J$8,'Design Phase'!P86+2)) -> Select L & C | K86: =IF(U86*V86=0,$S$15,VLOOKUP(V86,Lookups!$D$4:$J$8,'Design Phase'!U86+2)) -> Select L & C
B87: Site & environmental features | P87: =IF(D87=Lookups!$B$4,1,IF(D87=Lookups!$B$5,2,IF(D87=Lookups!$B$6,3,IF(D87=Lookups!$B$7,4,IF(D87=Lookups!$B$8,5,0))))) -> 0 | Q87: =IF(E87=Lookups!$C$4,1,IF(E87=Lookups!$C$5,2,IF(E87=Lookups!$C$6,3,IF(E87=Lookups!$C$7,4,IF(E87=Lookups!$C$8,5,0))))) -> 0 | U87: =IF(I87=Lookups!$B$4,1,IF(I87=Lookups!$B$5,2,IF(I87=Lookups!$B$6,3,IF(I87=Lookups!$B$7,4,IF(I87=Lookups!$B$8,5,0))))) -> 0 | V87: =IF(J87=Lookups!$C$4,1,IF(J87=Lookups!$C$5,2,IF(J87=Lookups!$C$6,3,IF(J87=Lookups!$C$7,4,IF(J87=Lookups!$C$8,5,0))))) -> 0
B88: Planning Phase items - need to be considered/reviewed in design phase as well unless closed out or deemed not applicable in planning phase
B89: Features at the site reduce sight distance or vision of TTM devices | C89: Road users unable to adequately comprehend messages and react in time leading to potential injury to road users and workers or damage at the works site. | F89: =IF(P89*Q89=0,$S$15,VLOOKUP(Q89,Lookups!$D$4:$J$8,'Design Phase'!P89+2)) -> Select L & C | K89: =IF(U89*V89=0,$S$15,VLOOKUP(V89,Lookups!$D$4:$J$8,'Design Phase'!U89+2)) -> Select L & C | P89: =IF(D89=Lookups!$B$4,1,IF(D89=Lookups!$B$5,2,IF(D89=Lookups!$B$6,3,IF(D89=Lookups!$B$7,4,IF(D89=Lookups!$B$8,5,0))))) -> 0 | Q89: =IF(E89=Lookups!$C$4,1,IF(E89=Lookups!$C$5,2,IF(E89=Lookups!$C$6,3,IF(E89=Lookups!$C$7,4,IF(E89=Lookups!$C$8,5,0))))) -> 0 | U89: =IF(I89=Lookups!$B$4,1,IF(I89=Lookups!$B$5,2,IF(I89=Lookups!$B$6,3,IF(I89=Lookups!$B$7,4,IF(I89=Lookups!$B$8,5,0))))) -> 0 | V89: =IF(J89=Lookups!$C$4,1,IF(J89=Lookups!$C$5,2,IF(J89=Lookups!$C$6,3,IF(J89=Lookups!$C$7,4,IF(J89=Lookups!$C$8,5,0))))) -> 0
B90: Vegetation obscures positioning of signs and devices | C90: Road users is unaware of the approaching worksite and potential queues leading ot collision.
B91: Existing signage, pavement markings and other features conflict with the proposed TTM treatments | C91: Compomised legibility of worksite leads ot driver confusion | F91: =IF(P91*Q91=0,$S$15,VLOOKUP(Q91,Lookups!$D$4:$J$8,'Design Phase'!P91+2)) -> Select L & C
B92: Works taking place during seasons with increased pssibility of electrical storms | C92: Lightning risk to TC and other staff causes delays to works schedule or completion of works within defined daily time restrictions | F92: =IF(P92*Q92=0,$S$15,VLOOKUP(Q92,Lookups!$D$4:$J$8,'Design Phase'!P92+2)) -> Select L & C
B93: Shadowing, fog, glare, inclement weather, smoke | C93: Reduced visibility for approaching traffic - increased risk to road users and road workers | F93: =IF(P93*Q93=0,$S$15,VLOOKUP(Q93,Lookups!$D$4:$J$8,'Design Phase'!P93+2)) -> Select L & C
B94: Night works | C94: Reduced legibilty of worksite | F94: =IF(P94*Q94=0,$S$15,VLOOKUP(Q94,Lookups!$D$4:$J$8,'Design Phase'!P94+2)) -> Select L & C
C95: Visual overload with retroflective devices | F95: =IF(P95*Q95=0,$S$15,VLOOKUP(Q95,Lookups!$D$4:$J$8,'Design Phase'!P95+2)) -> Select L & C
B96: Site constraints with no escape route for workers or traffic controllers | C96: Workers cannot escape traffic incidents on site and are injured by vehicle intrusion into the site. | F96: =IF(P96*Q96=0,$S$15,VLOOKUP(Q96,Lookups!$D$4:$J$8,'Design Phase'!P96+2)) -> Select L & C
B97: Low quality road surfacing | C97: Damage to vehicles and worksite equipment | F97: =IF(P97*Q97=0,$S$15,VLOOKUP(Q97,Lookups!$D$4:$J$8,'Design Phase'!P97+2)) -> Select L & C
B98: Multilane roads with inadequate median width to not allow duplication of devices in the median | C98: Drivers in right lane(s) do not have visibility of TTM devices placed on the left verge and are unaware of the approproaching worksite or the apporpriate actions they are required to take leading to potential late unsafe merging movements or entry to the worksite. | F98: =IF(P98*Q98=0,$S$15,VLOOKUP(Q98,Lookups!$D$4:$J$8,'Design Phase'!P98+2)) -> Select L & C | K98: =IF(U98*V98=0,$S$15,VLOOKUP(V98,Lookups!$D$4:$J$8,'Design Phase'!U98+2)) -> Select L & C | P98: =IF(D98=Lookups!$B$4,1,IF(D98=Lookups!$B$5,2,IF(D98=Lookups!$B$6,3,IF(D98=Lookups!$B$7,4,IF(D98=Lookups!$B$8,5,0))))) -> 0 | Q98: =IF(E98=Lookups!$C$4,1,IF(E98=Lookups!$C$5,2,IF(E98=Lookups!$C$6,3,IF(E98=Lookups!$C$7,4,IF(E98=Lookups!$C$8,5,0))))) -> 0 | U98: =IF(I98=Lookups!$B$4,1,IF(I98=Lookups!$B$5,2,IF(I98=Lookups!$B$6,3,IF(I98=Lookups!$B$7,4,IF(I98=Lookups!$B$8,5,0))))) -> 0 | V98: =IF(J98=Lookups!$C$4,1,IF(J98=Lookups!$C$5,2,IF(J98=Lookups!$C$6,3,IF(J98=Lookups!$C$7,4,IF(J98=Lookups!$C$8,5,0))))) -> 0
B99: Additional design phase items
B100: Excavations, stockpiles, barriers, plant lay-up and work locations | C100: Hazard to drivers who inadvertantly enter the worksite, particularly at changes in road alignment (curves, merges, lateral shifts) | F100: =IF(P100*Q100=0,$S$15,VLOOKUP(Q100,Lookups!$D$4:$J$8,'Design Phase'!P100+2)) -> Select L & C | K100: =IF(U100*V100=0,$S$15,VLOOKUP(V100,Lookups!$D$4:$J$8,'Design Phase'!U100+2)) -> Select L & C | P100: =IF(D100=Lookups!$B$4,1,IF(D100=Lookups!$B$5,2,IF(D100=Lookups!$B$6,3,IF(D100=Lookups!$B$7,4,IF(D100=Lookups!$B$8,5,0))))) -> 0 | Q100: =IF(E100=Lookups!$C$4,1,IF(E100=Lookups!$C$5,2,IF(E100=Lookups!$C$6,3,IF(E100=Lookups!$C$7,4,IF(E100=Lookups!$C$8,5,0))))) -> 0 | S100: High | U100: =IF(I100=Lookups!$B$4,1,IF(I100=Lookups!$B$5,2,IF(I100=Lookups!$B$6,3,IF(I100=Lookups!$B$7,4,IF(I100=Lookups!$B$8,5,0))))) -> 0 | V100: =IF(J100=Lookups!$C$4,1,IF(J100=Lookups!$C$5,2,IF(J100=Lookups!$C$6,3,IF(J100=Lookups!$C$7,4,IF(J100=Lookups!$C$8,5,0))))) -> 0
B101: Obstructions reducing sight distance along road alignment including barriers, stockpiles, gawk screens, and plant items | C101: Inadequate sight distance for road users who are unable to avoid colliding with obstructions on the road or other vehicles who have stopped / slowed | F101: =IF(P101*Q101=0,$S$15,VLOOKUP(Q101,Lookups!$D$4:$J$8,'Design Phase'!P101+2)) -> Select L & C | K101: =IF(U101*V101=0,$S$15,VLOOKUP(V101,Lookups!$D$4:$J$8,'Design Phase'!U101+2)) -> Select L & C | P101: =IF(D101=Lookups!$B$4,1,IF(D101=Lookups!$B$5,2,IF(D101=Lookups!$B$6,3,IF(D101=Lookups!$B$7,4,IF(D101=Lookups!$B$8,5,0))))) -> 0 | Q101: =IF(E101=Lookups!$C$4,1,IF(E101=Lookups!$C$5,2,IF(E101=Lookups!$C$6,3,IF(E101=Lookups!$C$7,4,IF(E101=Lookups!$C$8,5,0))))) -> 0 | S101: High | U101: =IF(I101=Lookups!$B$4,1,IF(I101=Lookups!$B$5,2,IF(I101=Lookups!$B$6,3,IF(I101=Lookups!$B$7,4,IF(I101=Lookups!$B$8,5,0))))) -> 0 | V101: =IF(J101=Lookups!$C$4,1,IF(J101=Lookups!$C$5,2,IF(J101=Lookups!$C$6,3,IF(J101=Lookups!$C$7,4,IF(J101=Lookups!$C$8,5,0))))) -> 0
B102: Works activities or changes in alignment of traffic lanes impacts on existing road lighting of the alignment | C102: Reduced lighting of temporary alignments, or removal of permanent lighting increases potential collisions between traffic and obstacles on the road and other road users such as VRUs. | F102: =IF(P102*Q102=0,$S$15,VLOOKUP(Q102,Lookups!$D$4:$J$8,'Design Phase'!P102+2)) -> Select L & C | K102: =IF(U102*V102=0,$S$15,VLOOKUP(V102,Lookups!$D$4:$J$8,'Design Phase'!U102+2)) -> Select L & C | P102: =IF(D102=Lookups!$B$4,1,IF(D102=Lookups!$B$5,2,IF(D102=Lookups!$B$6,3,IF(D102=Lookups!$B$7,4,IF(D102=Lookups!$B$8,5,0))))) -> 0 | Q102: =IF(E102=Lookups!$C$4,1,IF(E102=Lookups!$C$5,2,IF(E102=Lookups!$C$6,3,IF(E102=Lookups!$C$7,4,IF(E102=Lookups!$C$8,5,0))))) -> 0 | S102: High | U102: =IF(I102=Lookups!$B$4,1,IF(I102=Lookups!$B$5,2,IF(I102=Lookups!$B$6,3,IF(I102=Lookups!$B$7,4,IF(I102=Lookups!$B$8,5,0))))) -> 0 | V102: =IF(J102=Lookups!$C$4,1,IF(J102=Lookups!$C$5,2,IF(J102=Lookups!$C$6,3,IF(J102=Lookups!$C$7,4,IF(J102=Lookups!$C$8,5,0))))) -> 0
B103: Works activities or changes in alignment of traffic lanes impacts on existing drainage of the alignment | C103: Increased water flow across the road surface or ponding of water on the road surface reduces road traction leading to loss of control by road users. | F103: =IF(P103*Q103=0,$S$15,VLOOKUP(Q103,Lookups!$D$4:$J$8,'Design Phase'!P103+2)) -> Select L & C | K103: =IF(U103*V103=0,$S$15,VLOOKUP(V103,Lookups!$D$4:$J$8,'Design Phase'!U103+2)) -> Select L & C | P103: =IF(D103=Lookups!$B$4,1,IF(D103=Lookups!$B$5,2,IF(D103=Lookups!$B$6,3,IF(D103=Lookups!$B$7,4,IF(D103=Lookups!$B$8,5,0))))) -> 0 | Q103: =IF(E103=Lookups!$C$4,1,IF(E103=Lookups!$C$5,2,IF(E103=Lookups!$C$6,3,IF(E103=Lookups!$C$7,4,IF(E103=Lookups!$C$8,5,0))))) -> 0 | S103: High | U103: =IF(I103=Lookups!$B$4,1,IF(I103=Lookups!$B$5,2,IF(I103=Lookups!$B$6,3,IF(I103=Lookups!$B$7,4,IF(I103=Lookups!$B$8,5,0))))) -> 0 | V103: =IF(J103=Lookups!$C$4,1,IF(J103=Lookups!$C$5,2,IF(J103=Lookups!$C$6,3,IF(J103=Lookups!$C$7,4,IF(J103=Lookups!$C$8,5,0))))) -> 0
B104: Specifications / standards / practices | P104: =IF(D104=Lookups!$B$4,1,IF(D104=Lookups!$B$5,2,IF(D104=Lookups!$B$6,3,IF(D104=Lookups!$B$7,4,IF(D104=Lookups!$B$8,5,0))))) -> 0 | Q104: =IF(E104=Lookups!$C$4,1,IF(E104=Lookups!$C$5,2,IF(E104=Lookups!$C$6,3,IF(E104=Lookups!$C$7,4,IF(E104=Lookups!$C$8,5,0))))) -> 0 | U104: =IF(I104=Lookups!$B$4,1,IF(I104=Lookups!$B$5,2,IF(I104=Lookups!$B$6,3,IF(I104=Lookups!$B$7,4,IF(I104=Lookups!$B$8,5,0))))) -> 0 | V104: =IF(J104=Lookups!$C$4,1,IF(J104=Lookups!$C$5,2,IF(J104=Lookups!$C$6,3,IF(J104=Lookups!$C$7,4,IF(J104=Lookups!$C$8,5,0))))) -> 0
B105: Planning Phase items - need to be considered/reviewed in design phase as well unless closed out or deemed not applicable in planning phase
B106: Clarity of applicable specifications, standards, rules and policies including conflict between requirements from RIM / PCBU etc. Documentation of superceded standards. | C106: Application of incorrect or expired specifications, standards, rules and policies leads to confusion regarding mandatory safety regulations leading to inconsistent application and worksite not in line with required safety standards | F106: =IF(P106*Q106=0,$S$15,VLOOKUP(Q106,Lookups!$D$4:$J$8,'Design Phase'!P106+2)) -> Select L & C | K106: =IF(U106*V106=0,$S$15,VLOOKUP(V106,Lookups!$D$4:$J$8,'Design Phase'!U106+2)) -> Select L & C | P106: =IF(D106=Lookups!$B$4,1,IF(D106=Lookups!$B$5,2,IF(D106=Lookups!$B$6,3,IF(D106=Lookups!$B$7,4,IF(D106=Lookups!$B$8,5,0))))) -> 0 | Q106: =IF(E106=Lookups!$C$4,1,IF(E106=Lookups!$C$5,2,IF(E106=Lookups!$C$6,3,IF(E106=Lookups!$C$7,4,IF(E106=Lookups!$C$8,5,0))))) -> 0 | U106: =IF(I106=Lookups!$B$4,1,IF(I106=Lookups!$B$5,2,IF(I106=Lookups!$B$6,3,IF(I106=Lookups!$B$7,4,IF(I106=Lookups!$B$8,5,0))))) -> 0 | V106: =IF(J106=Lookups!$C$4,1,IF(J106=Lookups!$C$5,2,IF(J106=Lookups!$C$6,3,IF(J106=Lookups!$C$7,4,IF(J106=Lookups!$C$8,5,0))))) -> 0
...

Sheet Implementation Phase
B7: Risk | D7: Initial Risk | G7: Proposed Control Measures | I7: Revised Risk | L7: Selected | M7: Actions | P7: Initial Scores | U7: Initial Scores
B8: Source | C8: Event | D8: Likelihood | E8: Consequence | F8: Rating | G8: Options | H8: Considerations | I8: Likelihood | J8: Consequence | K8: Rating | M8: Who | N8: What | P8: L | Q8: C | U8: L | V8: C
B9: Vulnerable Road Users - pedestrians, cyclists, people with disabilities and wheeled path users | S9: Very High
B10: Unidentified path or unformed pedestrian route impacted by the works | C10: VRUs cross roads in an unsafe manner at unsigned locations | F10: =IF(P10*Q10=0,$S$14,VLOOKUP(Q10,Lookups!$D$4:$J$8,'Implementation Phase'!P10+2)) -> Select L & C | K10: =IF(U10*V10=0,$S$14,VLOOKUP(V10,Lookups!$D$4:$J$8,'Implementation Phase'!U10+2)) -> Select L & C | P10: =IF(D10=Lookups!$B$4,1,IF(D10=Lookups!$B$5,2,IF(D10=Lookups!$B$6,3,IF(D10=Lookups!$B$7,4,IF(D10=Lookups!$B$8,5,0))))) -> 0 | Q10: =IF(E10=Lookups!$C$4,1,IF(E10=Lookups!$C$5,2,IF(E10=Lookups!$C$6,3,IF(E10=Lookups!$C$7,4,IF(E10=Lookups!$C$8,5,0))))) -> 0 | S10: High | U10: =IF(I10=Lookups!$B$4,1,IF(I10=Lookups!$B$5,2,IF(I10=Lookups!$B$6,3,IF(I10=Lookups!$B$7,4,IF(I10=Lookups!$B$8,5,0))))) -> 0 | V10: =IF(J10=Lookups!$C$4,1,IF(J10=Lookups!$C$5,2,IF(J10=Lookups!$C$6,3,IF(J10=Lookups!$C$7,4,IF(J10=Lookups!$C$8,5,0))))) -> 0
C11: VRUs use a temporary path route which is not planned / designed. Results in trip or fall hazards or following unsafe route. | F11: =IF(P11*Q11=0,$S$14,VLOOKUP(Q11,Lookups!$D$4:$J$8,'Implementation Phase'!P11+2)) -> Select L & C | K11: =IF(U11*V11=0,$S$14,VLOOKUP(V11,Lookups!$D$4:$J$8,'Implementation Phase'!U11+2)) -> Select L & C | P11: =IF(D11=Lookups!$B$4,1,IF(D11=Lookups!$B$5,2,IF(D11=Lookups!$B$6,3,IF(D11=Lookups!$B$7,4,IF(D11=Lookups!$B$8,5,0))))) -> 0 | Q11: =IF(E11=Lookups!$C$4,1,IF(E11=Lookups!$C$5,2,IF(E11=Lookups!$C$6,3,IF(E11=Lookups!$C$7,4,IF(E11=Lookups!$C$8,5,0))))) -> 0 | S11: Medium | U11: =IF(I11=Lookups!$B$4,1,IF(I11=Lookups!$B$5,2,IF(I11=Lookups!$B$6,3,IF(I11=Lookups!$B$7,4,IF(I11=Lookups!$B$8,5,0))))) -> 0 | V11: =IF(J11=Lookups!$C$4,1,IF(J11=Lookups!$C$5,2,IF(J11=Lookups!$C$6,3,IF(J11=Lookups!$C$7,4,IF(J11=Lookups!$C$8,5,0))))) -> 0
C12: VRUs following unfamiliar and illegible paths due to lack of clear direction interact with work site vehicles, equipment or other vehicles moving through the site. | F12: =IF(P12*Q12=0,$S$14,VLOOKUP(Q12,Lookups!$D$4:$J$8,'Implementation Phase'!P12+2)) -> Select L & C | K12: =IF(U12*V12=0,$S$14,VLOOKUP(V12,Lookups!$D$4:$J$8,'Implementation Phase'!U12+2)) -> Select L & C | P12: =IF(D12=Lookups!$B$4,1,IF(D12=Lookups!$B$5,2,IF(D12=Lookups!$B$6,3,IF(D12=Lookups!$B$7,4,IF(D12=Lookups!$B$8,5,0))))) -> 0 | Q12: =IF(E12=Lookups!$C$4,1,IF(E12=Lookups!$C$5,2,IF(E12=Lookups!$C$6,3,IF(E12=Lookups!$C$7,4,IF(E12=Lookups!$C$8,5,0))))) -> 0 | S12: Low | U12: =IF(I12=Lookups!$B$4,1,IF(I12=Lookups!$B$5,2,IF(I12=Lookups!$B$6,3,IF(I12=Lookups!$B$7,4,IF(I12=Lookups!$B$8,5,0))))) -> 0 | V12: =IF(J12=Lookups!$C$4,1,IF(J12=Lookups!$C$5,2,IF(J12=Lookups!$C$6,3,IF(J12=Lookups!$C$7,4,IF(J12=Lookups!$C$8,5,0))))) -> 0
C13: VRUs confused by TTM layout and follow incorrect route into site | F13: =IF(P13*Q13=0,$S$14,VLOOKUP(Q13,Lookups!$D$4:$J$8,'Implementation Phase'!P13+2)) -> Select L & C | K13: =IF(U13*V13=0,$S$14,VLOOKUP(V13,Lookups!$D$4:$J$8,'Implementation Phase'!U13+2)) -> Select L & C | P13: =IF(D13=Lookups!$B$4,1,IF(D13=Lookups!$B$5,2,IF(D13=Lookups!$B$6,3,IF(D13=Lookups!$B$7,4,IF(D13=Lookups!$B$8,5,0))))) -> 0 | Q13: =IF(E13=Lookups!$C$4,1,IF(E13=Lookups!$C$5,2,IF(E13=Lookups!$C$6,3,IF(E13=Lookups!$C$7,4,IF(E13=Lookups!$C$8,5,0))))) -> 0 | S13: Negligible | U13: =IF(I13=Lookups!$B$4,1,IF(I13=Lookups!$B$5,2,IF(I13=Lookups!$B$6,3,IF(I13=Lookups!$B$7,4,IF(I13=Lookups!$B$8,5,0))))) -> 0 | V13: =IF(J13=Lookups!$C$4,1,IF(J13=Lookups!$C$5,2,IF(J13=Lookups!$C$6,3,IF(J13=Lookups!$C$7,4,IF(J13=Lookups!$C$8,5,0))))) -> 0
C14: VRUs entering live traffic lanes in unsafe locations | F14: =IF(P14*Q14=0,$S$14,VLOOKUP(Q14,Lookups!$D$4:$J$8,'Implementation Phase'!P14+2)) -> Select L & C | K14: =IF(U14*V14=0,$S$14,VLOOKUP(V14,Lookups!$D$4:$J$8,'Implementation Phase'!U14+2)) -> Select L & C | P14: =IF(D14=Lookups!$B$4,1,IF(D14=Lookups!$B$5,2,IF(D14=Lookups!$B$6,3,IF(D14=Lookups!$B$7,4,IF(D14=Lookups!$B$8,5,0))))) -> 0 | Q14: =IF(E14=Lookups!$C$4,1,IF(E14=Lookups!$C$5,2,IF(E14=Lookups!$C$6,3,IF(E14=Lookups!$C$7,4,IF(E14=Lookups!$C$8,5,0))))) -> 0 | S14: =IF(AC14*AD14=0,"Select L & C",VLOOKUP(AD14,Lookups!Q8:W12,'Implementation Phase'!AC14+2)) -> Select L & C | U14: =IF(I14=Lookups!$B$4,1,IF(I14=Lookups!$B$5,2,IF(I14=Lookups!$B$6,3,IF(I14=Lookups!$B$7,4,IF(I14=Lookups!$B$8,5,0))))) -> 0 | V14: =IF(J14=Lookups!$C$4,1,IF(J14=Lookups!$C$5,2,IF(J14=Lookups!$C$6,3,IF(J14=Lookups!$C$7,4,IF(J14=Lookups!$C$8,5,0))))) -> 0
B15: Works impact on existing crossings resulting in VRU unable to use the existing crossing route | C15: Near miss incidents or dangerous crossing movements creating unsafe conflicts with traffic. | F15: =IF(P15*Q15=0,$S$14,VLOOKUP(Q15,Lookups!$D$4:$J$8,'Implementation Phase'!P15+2)) -> Select L & C | K15: =IF(U15*V15=0,$S$14,VLOOKUP(V15,Lookups!$D$4:$J$8,'Implementation Phase'!U15+2)) -> Select L & C | P15: =IF(D15=Lookups!$B$4,1,IF(D15=Lookups!$B$5,2,IF(D15=Lookups!$B$6,3,IF(D15=Lookups!$B$7,4,IF(D15=Lookups!$B$8,5,0))))) -> 0 | Q15: =IF(E15=Lookups!$C$4,1,IF(E15=Lookups!$C$5,2,IF(E15=Lookups!$C$6,3,IF(E15=Lookups!$C$7,4,IF(E15=Lookups!$C$8,5,0))))) -> 0 | U15: =IF(I15=Lookups!$B$4,1,IF(I15=Lookups!$B$5,2,IF(I15=Lookups!$B$6,3,IF(I15=Lookups!$B$7,4,IF(I15=Lookups!$B$8,5,0))))) -> 0 | V15: =IF(J15=Lookups!$C$4,1,IF(J15=Lookups!$C$5,2,IF(J15=Lookups!$C$6,3,IF(J15=Lookups!$C$7,4,IF(J15=Lookups!$C$8,5,0))))) -> 0
B16: Pedestrians may have their judgement impaired by alcholol / drugs | C16: VRUs may be confused by temporary alternative routes and enter the worksite of live traffic lanes at unsafe locations | F16: =IF(P16*Q16=0,$S$14,VLOOKUP(Q16,Lookups!$D$4:$J$8,'Implementation Phase'!P16+2)) -> Select L & C | K16: =IF(U16*V16=0,$S$14,VLOOKUP(V16,Lookups!$D$4:$J$8,'Implementation Phase'!U16+2)) -> Select L & C | P16: =IF(D16=Lookups!$B$4,1,IF(D16=Lookups!$B$5,2,IF(D16=Lookups!$B$6,3,IF(D16=Lookups!$B$7,4,IF(D16=Lookups!$B$8,5,0))))) -> 0 | Q16: =IF(E16=Lookups!$C$4,1,IF(E16=Lookups!$C$5,2,IF(E16=Lookups!$C$6,3,IF(E16=Lookups!$C$7,4,IF(E16=Lookups!$C$8,5,0))))) -> 0 | U16: =IF(I16=Lookups!$B$4,1,IF(I16=Lookups!$B$5,2,IF(I16=Lookups!$B$6,3,IF(I16=Lookups!$B$7,4,IF(I16=Lookups!$B$8,5,0))))) -> 0 | V16: =IF(J16=Lookups!$C$4,1,IF(J16=Lookups!$C$5,2,IF(J16=Lookups!$C$6,3,IF(J16=Lookups!$C$7,4,IF(J16=Lookups!$C$8,5,0))))) -> 0
B17: High cycle volumes on road or in defined bicycle lane / shoulder which is impacted by works | C17: Cyclist transition to footpath or road in a dangerous manner | F17: =IF(P17*Q17=0,$S$14,VLOOKUP(Q17,Lookups!$D$4:$J$8,'Implementation Phase'!P17+2)) -> Select L & C | K17: =IF(U17*V17=0,$S$14,VLOOKUP(V17,Lookups!$D$4:$J$8,'Implementation Phase'!U17+2)) -> Select L & C
B18: Works activities impact on existing or temporary path routes | C18: Path route is damaged creating slip / trip / fall hazards for path users or hazards when path users need to pass each other | F18: =IF(P18*Q18=0,$S$14,VLOOKUP(Q18,Lookups!$D$4:$J$8,'Implementation Phase'!P18+2)) -> Select L & C | K18: =IF(U18*V18=0,$S$14,VLOOKUP(V18,Lookups!$D$4:$J$8,'Implementation Phase'!U18+2)) -> Select L & C | P18: =IF(D18=Lookups!$B$4,1,IF(D18=Lookups!$B$5,2,IF(D18=Lookups!$B$6,3,IF(D18=Lookups!$B$7,4,IF(D18=Lookups!$B$8,5,0))))) -> 0 | Q18: =IF(E18=Lookups!$C$4,1,IF(E18=Lookups!$C$5,2,IF(E18=Lookups!$C$6,3,IF(E18=Lookups!$C$7,4,IF(E18=Lookups!$C$8,5,0))))) -> 0 | S18: High | U18: =IF(I18=Lookups!$B$4,1,IF(I18=Lookups!$B$5,2,IF(I18=Lookups!$B$6,3,IF(I18=Lookups!$B$7,4,IF(I18=Lookups!$B$8,5,0))))) -> 0 | V18: =IF(J18=Lookups!$C$4,1,IF(J18=Lookups!$C$5,2,IF(J18=Lookups!$C$6,3,IF(J18=Lookups!$C$7,4,IF(J18=Lookups!$C$8,5,0))))) -> 0
B19: Works impact on existing path routes - pedestrians diverted to temporary route on the road surface | C19: Collision between diverted path users and traffic | F19: =IF(P19*Q19=0,$S$14,VLOOKUP(Q19,Lookups!$D$4:$J$8,'Implementation Phase'!P19+2)) -> Select L & C
B20: TTM devices restrict sight distances between pathways and intersections, driveways and site access points | C20: VRUs and/or drivers unable to see potential conflict situations leading to collisions | F20: =IF(P20*Q20=0,$S$14,VLOOKUP(Q20,Lookups!$D$4:$J$8,'Implementation Phase'!P20+2)) -> Select L & C | K20: =IF(U20*V20=0,$S$14,VLOOKUP(V20,Lookups!$D$4:$J$8,'Implementation Phase'!U20+2)) -> Select L & C
B21: TTM devices and signage are located in road shoulders, bicycle lanes, or immediately adjaent to paths | C21: Risk to cyclists using the road corridor - colliding with TTM devices - being diverted unsafely into traffic lanes - being diverted to alternative facilities at unsafe locations | F21: =IF(P21*Q21=0,$S$14,VLOOKUP(Q21,Lookups!$D$4:$J$8,'Implementation Phase'!P21+2)) -> Select L & C | K21: =IF(U21*V21=0,$S$14,VLOOKUP(V21,Lookups!$D$4:$J$8,'Implementation Phase'!U21+2)) -> Select L & C
B22: Traffic Impacts | P22: =IF(D22=Lookups!$B$4,1,IF(D22=Lookups!$B$5,2,IF(D22=Lookups!$B$6,3,IF(D22=Lookups!$B$7,4,IF(D22=Lookups!$B$8,5,0))))) -> 0 | Q22: =IF(E22=Lookups!$C$4,1,IF(E22=Lookups!$C$5,2,IF(E22=Lookups!$C$6,3,IF(E22=Lookups!$C$7,4,IF(E22=Lookups!$C$8,5,0))))) -> 0 | U22: =IF(I22=Lookups!$B$4,1,IF(I22=Lookups!$B$5,2,IF(I22=Lookups!$B$6,3,IF(I22=Lookups!$B$7,4,IF(I22=Lookups!$B$8,5,0))))) -> 0 | V22: =IF(J22=Lookups!$C$4,1,IF(J22=Lookups!$C$5,2,IF(J22=Lookups!$C$6,3,IF(J22=Lookups!$C$7,4,IF(J22=Lookups!$C$8,5,0))))) -> 0
B23: Works lead to excessive and unacceptable traffic queues and delays. | C23: Aggressive driver behaviour and lack of community acceptance of worksite | F23: =IF(P23*Q23=0,$S$14,VLOOKUP(Q23,Lookups!$D$4:$J$8,'Implementation Phase'!P23+2)) -> Select L & C | K23: =IF(U23*V23=0,$S$14,VLOOKUP(V23,Lookups!$D$4:$J$8,'Implementation Phase'!U23+2)) -> Select L & C | P23: =IF(D23=Lookups!$B$4,1,IF(D23=Lookups!$B$5,2,IF(D23=Lookups!$B$6,3,IF(D23=Lookups!$B$7,4,IF(D23=Lookups!$B$8,5,0))))) -> 0 | Q23: =IF(E23=Lookups!$C$4,1,IF(E23=Lookups!$C$5,2,IF(E23=Lookups!$C$6,3,IF(E23=Lookups!$C$7,4,IF(E23=Lookups!$C$8,5,0))))) -> 0 | U23: =IF(I23=Lookups!$B$4,1,IF(I23=Lookups!$B$5,2,IF(I23=Lookups!$B$6,3,IF(I23=Lookups!$B$7,4,IF(I23=Lookups!$B$8,5,0))))) -> 0 | V23: =IF(J23=Lookups!$C$4,1,IF(J23=Lookups!$C$5,2,IF(J23=Lookups!$C$6,3,IF(J23=Lookups!$C$7,4,IF(J23=Lookups!$C$8,5,0))))) -> 0
C24: Traffic volumes not suitably accommodaed leading to congestion / delays exceeds allowable levels | F24: =IF(P24*Q24=0,$S$14,VLOOKUP(Q24,Lookups!$D$4:$J$8,'Implementation Phase'!P24+2)) -> Select L & C | K24: =IF(U24*V24=0,$S$14,VLOOKUP(V24,Lookups!$D$4:$J$8,'Implementation Phase'!U24+2)) -> Select L & C | P24: =IF(D24=Lookups!$B$4,1,IF(D24=Lookups!$B$5,2,IF(D24=Lookups!$B$6,3,IF(D24=Lookups!$B$7,4,IF(D24=Lookups!$B$8,5,0))))) -> 0 | Q24: =IF(E24=Lookups!$C$4,1,IF(E24=Lookups!$C$5,2,IF(E24=Lookups!$C$6,3,IF(E24=Lookups!$C$7,4,IF(E24=Lookups!$C$8,5,0))))) -> 0 | U24: =IF(I24=Lookups!$B$4,1,IF(I24=Lookups!$B$5,2,IF(I24=Lookups!$B$6,3,IF(I24=Lookups!$B$7,4,IF(I24=Lookups!$B$8,5,0))))) -> 0 | V24: =IF(J24=Lookups!$C$4,1,IF(J24=Lookups!$C$5,2,IF(J24=Lookups!$C$6,3,IF(J24=Lookups!$C$7,4,IF(J24=Lookups!$C$8,5,0))))) -> 0
C25: Traffic queues extend through nearby intersections / roundabouts | F25: =IF(P25*Q25=0,$S$14,VLOOKUP(Q25,Lookups!$D$4:$J$8,'Implementation Phase'!P25+2)) -> Select L & C | K25: =IF(U25*V25=0,$S$14,VLOOKUP(V25,Lookups!$D$4:$J$8,'Implementation Phase'!U25+2)) -> Select L & C | P25: =IF(D25=Lookups!$B$4,1,IF(D25=Lookups!$B$5,2,IF(D25=Lookups!$B$6,3,IF(D25=Lookups!$B$7,4,IF(D25=Lookups!$B$8,5,0))))) -> 0 | Q25: =IF(E25=Lookups!$C$4,1,IF(E25=Lookups!$C$5,2,IF(E25=Lookups!$C$6,3,IF(E25=Lookups!$C$7,4,IF(E25=Lookups!$C$8,5,0))))) -> 0 | U25: =IF(I25=Lookups!$B$4,1,IF(I25=Lookups!$B$5,2,IF(I25=Lookups!$B$6,3,IF(I25=Lookups!$B$7,4,IF(I25=Lookups!$B$8,5,0))))) -> 0 | V25: =IF(J25=Lookups!$C$4,1,IF(J25=Lookups!$C$5,2,IF(J25=Lookups!$C$6,3,IF(J25=Lookups!$C$7,4,IF(J25=Lookups!$C$8,5,0))))) -> 0
B26: Interference with the operation of permanent traffic signals | C26: Queued traffic through signalised intersections leading to unsafe operation of the intersection | F26: =IF(P26*Q26=0,$S$14,VLOOKUP(Q26,Lookups!$D$4:$J$8,'Implementation Phase'!P26+2)) -> Select L & C | K26: =IF(U26*V26=0,$S$14,VLOOKUP(V26,Lookups!$D$4:$J$8,'Implementation Phase'!U26+2)) -> Select L & C | P26: =IF(D26=Lookups!$B$4,1,IF(D26=Lookups!$B$5,2,IF(D26=Lookups!$B$6,3,IF(D26=Lookups!$B$7,4,IF(D26=Lookups!$B$8,5,0))))) -> 0 | Q26: =IF(E26=Lookups!$C$4,1,IF(E26=Lookups!$C$5,2,IF(E26=Lookups!$C$6,3,IF(E26=Lookups!$C$7,4,IF(E26=Lookups!$C$8,5,0))))) -> 0 | U26: =IF(I26=Lookups!$B$4,1,IF(I26=Lookups!$B$5,2,IF(I26=Lookups!$B$6,3,IF(I26=Lookups!$B$7,4,IF(I26=Lookups!$B$8,5,0))))) -> 0 | V26: =IF(J26=Lookups!$C$4,1,IF(J26=Lookups!$C$5,2,IF(J26=Lookups!$C$6,3,IF(J26=Lookups!$C$7,4,IF(J26=Lookups!$C$8,5,0))))) -> 0
B27: Closure of turning movements and banning of movements at intersections | C27: Road user confusion, illegal traffic movements and traffic driving through the worksite. | F27: =IF(P27*Q27=0,$S$14,VLOOKUP(Q27,Lookups!$D$4:$J$8,'Implementation Phase'!P27+2)) -> Select L & C | K27: =IF(U27*V27=0,$S$14,VLOOKUP(V27,Lookups!$D$4:$J$8,'Implementation Phase'!U27+2)) -> Select L & C | P27: =IF(D27=Lookups!$B$4,1,IF(D27=Lookups!$B$5,2,IF(D27=Lookups!$B$6,3,IF(D27=Lookups!$B$7,4,IF(D27=Lookups!$B$8,5,0))))) -> 0 | Q27: =IF(E27=Lookups!$C$4,1,IF(E27=Lookups!$C$5,2,IF(E27=Lookups!$C$6,3,IF(E27=Lookups!$C$7,4,IF(E27=Lookups!$C$8,5,0))))) -> 0 | U27: =IF(I27=Lookups!$B$4,1,IF(I27=Lookups!$B$5,2,IF(I27=Lookups!$B$6,3,IF(I27=Lookups!$B$7,4,IF(I27=Lookups!$B$8,5,0))))) -> 0 | V27: =IF(J27=Lookups!$C$4,1,IF(J27=Lookups!$C$5,2,IF(J27=Lookups!$C$6,3,IF(J27=Lookups!$C$7,4,IF(J27=Lookups!$C$8,5,0))))) -> 0
B28: Unexpected changes in traffic volumes | C28: Increased congestion / delays leads to dangerous / agrssive driver behaviour and increased potential for wide network impacts and collisions | F28: =IF(P28*Q28=0,$S$14,VLOOKUP(Q28,Lookups!$D$4:$J$8,'Implementation Phase'!P28+2)) -> Select L & C | K28: =IF(U28*V28=0,$S$14,VLOOKUP(V28,Lookups!$D$4:$J$8,'Implementation Phase'!U28+2)) -> Select L & C | P28: =IF(D28=Lookups!$B$4,1,IF(D28=Lookups!$B$5,2,IF(D28=Lookups!$B$6,3,IF(D28=Lookups!$B$7,4,IF(D28=Lookups!$B$8,5,0))))) -> 0 | Q28: =IF(E28=Lookups!$C$4,1,IF(E28=Lookups!$C$5,2,IF(E28=Lookups!$C$6,3,IF(E28=Lookups!$C$7,4,IF(E28=Lookups!$C$8,5,0))))) -> 0 | S28: High | U28: =IF(I28=Lookups!$B$4,1,IF(I28=Lookups!$B$5,2,IF(I28=Lookups!$B$6,3,IF(I28=Lookups!$B$7,4,IF(I28=Lookups!$B$8,5,0))))) -> 0 | V28: =IF(J28=Lookups!$C$4,1,IF(J28=Lookups!$C$5,2,IF(J28=Lookups!$C$6,3,IF(J28=Lookups!$C$7,4,IF(J28=Lookups!$C$8,5,0))))) -> 0
B29: Speed choices | P29: =IF(D29=Lookups!$B$4,1,IF(D29=Lookups!$B$5,2,IF(D29=Lookups!$B$6,3,IF(D29=Lookups!$B$7,4,IF(D29=Lookups!$B$8,5,0))))) -> 0 | Q29: =IF(E29=Lookups!$C$4,1,IF(E29=Lookups!$C$5,2,IF(E29=Lookups!$C$6,3,IF(E29=Lookups!$C$7,4,IF(E29=Lookups!$C$8,5,0))))) -> 0 | U29: =IF(I29=Lookups!$B$4,1,IF(I29=Lookups!$B$5,2,IF(I29=Lookups!$B$6,3,IF(I29=Lookups!$B$7,4,IF(I29=Lookups!$B$8,5,0))))) -> 0 | V29: =IF(J29=Lookups!$C$4,1,IF(J29=Lookups!$C$5,2,IF(J29=Lookups!$C$6,3,IF(J29=Lookups!$C$7,4,IF(J29=Lookups!$C$8,5,0))))) -> 0
B30: Reductions in speed limits, considering the safety of workers and road users | C30: Road users travel at inappropriate speeds | F30: =IF(P30*Q30=0,$S$14,VLOOKUP(Q30,Lookups!$D$4:$J$8,'Implementation Phase'!P30+2)) -> Select L & C | K30: =IF(U30*V30=0,$S$14,VLOOKUP(V30,Lookups!$D$4:$J$8,'Implementation Phase'!U30+2)) -> Select L & C | P30: =IF(D30=Lookups!$B$4,1,IF(D30=Lookups!$B$5,2,IF(D30=Lookups!$B$6,3,IF(D30=Lookups!$B$7,4,IF(D30=Lookups!$B$8,5,0))))) -> 0 | Q30: =IF(E30=Lookups!$C$4,1,IF(E30=Lookups!$C$5,2,IF(E30=Lookups!$C$6,3,IF(E30=Lookups!$C$7,4,IF(E30=Lookups!$C$8,5,0))))) -> 0 | U30: =IF(I30=Lookups!$B$4,1,IF(I30=Lookups!$B$5,2,IF(I30=Lookups!$B$6,3,IF(I30=Lookups!$B$7,4,IF(I30=Lookups!$B$8,5,0))))) -> 0 | V30: =IF(J30=Lookups!$C$4,1,IF(J30=Lookups!$C$5,2,IF(J30=Lookups!$C$6,3,IF(J30=Lookups!$C$7,4,IF(J30=Lookups!$C$8,5,0))))) -> 0
B31: Worksite operations | P31: =IF(D31=Lookups!$B$4,1,IF(D31=Lookups!$B$5,2,IF(D31=Lookups!$B$6,3,IF(D31=Lookups!$B$7,4,IF(D31=Lookups!$B$8,5,0))))) -> 0 | Q31: =IF(E31=Lookups!$C$4,1,IF(E31=Lookups!$C$5,2,IF(E31=Lookups!$C$6,3,IF(E31=Lookups!$C$7,4,IF(E31=Lookups!$C$8,5,0))))) -> 0 | U31: =IF(I31=Lookups!$B$4,1,IF(I31=Lookups!$B$5,2,IF(I31=Lookups!$B$6,3,IF(I31=Lookups!$B$7,4,IF(I31=Lookups!$B$8,5,0))))) -> 0 | V31: =IF(J31=Lookups!$C$4,1,IF(J31=Lookups!$C$5,2,IF(J31=Lookups!$C$6,3,IF(J31=Lookups!$C$7,4,IF(J31=Lookups!$C$8,5,0))))) -> 0
B32: Site in operation during times of night / low visibility | C32: Traffic unable to respond in a timely manner to the hazard ahead | F32: =IF(P32*Q32=0,$S$14,VLOOKUP(Q32,Lookups!$D$4:$J$8,'Implementation Phase'!P32+2)) -> Select L & C | K32: =IF(U32*V32=0,$S$14,VLOOKUP(V32,Lookups!$D$4:$J$8,'Implementation Phase'!U32+2)) -> Select L & C | P32: =IF(D32=Lookups!$B$4,1,IF(D32=Lookups!$B$5,2,IF(D32=Lookups!$B$6,3,IF(D32=Lookups!$B$7,4,IF(D32=Lookups!$B$8,5,0))))) -> 0 | Q32: =IF(E32=Lookups!$C$4,1,IF(E32=Lookups!$C$5,2,IF(E32=Lookups!$C$6,3,IF(E32=Lookups!$C$7,4,IF(E32=Lookups!$C$8,5,0))))) -> 0 | U32: =IF(I32=Lookups!$B$4,1,IF(I32=Lookups!$B$5,2,IF(I32=Lookups!$B$6,3,IF(I32=Lookups!$B$7,4,IF(I32=Lookups!$B$8,5,0))))) -> 0 | V32: =IF(J32=Lookups!$C$4,1,IF(J32=Lookups!$C$5,2,IF(J32=Lookups!$C$6,3,IF(J32=Lookups!$C$7,4,IF(J32=Lookups!$C$8,5,0))))) -> 0
B33: Works extend outside of approved hours | C33: Interference with traffic flows, business activity and residents | F33: =IF(P33*Q33=0,$S$14,VLOOKUP(Q33,Lookups!$D$4:$J$8,'Implementation Phase'!P33+2)) -> Select L & C | K33: =IF(U33*V33=0,$S$14,VLOOKUP(V33,Lookups!$D$4:$J$8,'Implementation Phase'!U33+2)) -> Select L & C | P33: =IF(D33=Lookups!$B$4,1,IF(D33=Lookups!$B$5,2,IF(D33=Lookups!$B$6,3,IF(D33=Lookups!$B$7,4,IF(D33=Lookups!$B$8,5,0))))) -> 0 | Q33: =IF(E33=Lookups!$C$4,1,IF(E33=Lookups!$C$5,2,IF(E33=Lookups!$C$6,3,IF(E33=Lookups!$C$7,4,IF(E33=Lookups!$C$8,5,0))))) -> 0 | U33: =IF(I33=Lookups!$B$4,1,IF(I33=Lookups!$B$5,2,IF(I33=Lookups!$B$6,3,IF(I33=Lookups!$B$7,4,IF(I33=Lookups!$B$8,5,0))))) -> 0 | V33: =IF(J33=Lookups!$C$4,1,IF(J33=Lookups!$C$5,2,IF(J33=Lookups!$C$6,3,IF(J33=Lookups!$C$7,4,IF(J33=Lookups!$C$8,5,0))))) -> 0
B34: TTM implemention for excessive time within a single shift | C34: Staff fatigue leads to decreased concentration of road workers leading to increased likelihood of incidents | F34: =IF(P34*Q34=0,$S$14,VLOOKUP(Q34,Lookups!$D$4:$J$8,'Implementation Phase'!P34+2)) -> Select L & C | K34: =IF(U34*V34=0,$S$14,VLOOKUP(V34,Lookups!$D$4:$J$8,'Implementation Phase'!U34+2)) -> Select L & C | P34: =IF(D34=Lookups!$B$4,1,IF(D34=Lookups!$B$5,2,IF(D34=Lookups!$B$6,3,IF(D34=Lookups!$B$7,4,IF(D34=Lookups!$B$8,5,0))))) -> 0 | Q34: =IF(E34=Lookups!$C$4,1,IF(E34=Lookups!$C$5,2,IF(E34=Lookups!$C$6,3,IF(E34=Lookups!$C$7,4,IF(E34=Lookups!$C$8,5,0))))) -> 0 | U34: =IF(I34=Lookups!$B$4,1,IF(I34=Lookups!$B$5,2,IF(I34=Lookups!$B$6,3,IF(I34=Lookups!$B$7,4,IF(I34=Lookups!$B$8,5,0))))) -> 0 | V34: =IF(J34=Lookups!$C$4,1,IF(J34=Lookups!$C$5,2,IF(J34=Lookups!$C$6,3,IF(J34=Lookups!$C$7,4,IF(J34=Lookups!$C$8,5,0))))) -> 0
B35: Incident in / near the work area involving a road accident, breakdown or crash into the worksite | C35: Impacts on works activities, ability to complete works on time, and wider network imacts and delays. | F35: =IF(P35*Q35=0,$S$14,VLOOKUP(Q35,Lookups!$D$4:$J$8,'Implementation Phase'!P35+2)) -> Select L & C | K35: =IF(U35*V35=0,$S$14,VLOOKUP(V35,Lookups!$D$4:$J$8,'Implementation Phase'!U35+2)) -> Select L & C | P35: =IF(D35=Lookups!$B$4,1,IF(D35=Lookups!$B$5,2,IF(D35=Lookups!$B$6,3,IF(D35=Lookups!$B$7,4,IF(D35=Lookups!$B$8,5,0))))) -> 0 | Q35: =IF(E35=Lookups!$C$4,1,IF(E35=Lookups!$C$5,2,IF(E35=Lookups!$C$6,3,IF(E35=Lookups!$C$7,4,IF(E35=Lookups!$C$8,5,0))))) -> 0 | U35: =IF(I35=Lookups!$B$4,1,IF(I35=Lookups!$B$5,2,IF(I35=Lookups!$B$6,3,IF(I35=Lookups!$B$7,4,IF(I35=Lookups!$B$8,5,0))))) -> 0 | V35: =IF(J35=Lookups!$C$4,1,IF(J35=Lookups!$C$5,2,IF(J35=Lookups!$C$6,3,IF(J35=Lookups!$C$7,4,IF(J35=Lookups!$C$8,5,0))))) -> 0
B36: Qualifications for all field staff to meet minium requirements specified | C36: Field staff not complying with detailed requirements for more complex works create hazards for themselves and others. | F36: =IF(P36*Q36=0,$S$14,VLOOKUP(Q36,Lookups!$D$4:$J$8,'Implementation Phase'!P36+2)) -> Select L & C | K36: =IF(U36*V36=0,$S$14,VLOOKUP(V36,Lookups!$D$4:$J$8,'Implementation Phase'!U36+2)) -> Select L & C
B37: Complex works activities with multiple different TTM stages / TGS diagrams | C37: TGS and site works not aligned with works not adequately protected | F37: =IF(P37*Q37=0,$S$14,VLOOKUP(Q37,Lookups!$D$4:$J$8,'Implementation Phase'!P37+2)) -> Select L & C | K37: =IF(U37*V37=0,$S$14,VLOOKUP(V37,Lookups!$D$4:$J$8,'Implementation Phase'!U37+2)) -> Select L & C | P37: =IF(D37=Lookups!$B$4,1,IF(D37=Lookups!$B$5,2,IF(D37=Lookups!$B$6,3,IF(D37=Lookups!$B$7,4,IF(D37=Lookups!$B$8,5,0))))) -> 0 | Q37: =IF(E37=Lookups!$C$4,1,IF(E37=Lookups!$C$5,2,IF(E37=Lookups!$C$6,3,IF(E37=Lookups!$C$7,4,IF(E37=Lookups!$C$8,5,0))))) -> 0 | S37: High | U37: =IF(I37=Lookups!$B$4,1,IF(I37=Lookups!$B$5,2,IF(I37=Lookups!$B$6,3,IF(I37=Lookups!$B$7,4,IF(I37=Lookups!$B$8,5,0))))) -> 0 | V37: =IF(J37=Lookups!$C$4,1,IF(J37=Lookups!$C$5,2,IF(J37=Lookups!$C$6,3,IF(J37=Lookups!$C$7,4,IF(J37=Lookups!$C$8,5,0))))) -> 0
B38: Radio communiations | C38: Radio communiction disruption / lack of clarity | F38: =IF(P38*Q38=0,$S$14,VLOOKUP(Q38,Lookups!$D$4:$J$8,'Implementation Phase'!P38+2)) -> Select L & C | K38: =IF(U38*V38=0,$S$14,VLOOKUP(V38,Lookups!$D$4:$J$8,'Implementation Phase'!U38+2)) -> Select L & C | P38: =IF(D38=Lookups!$B$4,1,IF(D38=Lookups!$B$5,2,IF(D38=Lookups!$B$6,3,IF(D38=Lookups!$B$7,4,IF(D38=Lookups!$B$8,5,0))))) -> 0 | Q38: =IF(E38=Lookups!$C$4,1,IF(E38=Lookups!$C$5,2,IF(E38=Lookups!$C$6,3,IF(E38=Lookups!$C$7,4,IF(E38=Lookups!$C$8,5,0))))) -> 0 | U38: =IF(I38=Lookups!$B$4,1,IF(I38=Lookups!$B$5,2,IF(I38=Lookups!$B$6,3,IF(I38=Lookups!$B$7,4,IF(I38=Lookups!$B$8,5,0))))) -> 0 | V38: =IF(J38=Lookups!$C$4,1,IF(J38=Lookups!$C$5,2,IF(J38=Lookups!$C$6,3,IF(J38=Lookups!$C$7,4,IF(J38=Lookups!$C$8,5,0))))) -> 0
B39: Delays to works | C39: Works run over time | F39: =IF(P39*Q39=0,$S$14,VLOOKUP(Q39,Lookups!$D$4:$J$8,'Implementation Phase'!P39+2)) -> Select L & C | K39: =IF(U39*V39=0,$S$14,VLOOKUP(V39,Lookups!$D$4:$J$8,'Implementation Phase'!U39+2)) -> Select L & C | P39: =IF(D39=Lookups!$B$4,1,IF(D39=Lookups!$B$5,2,IF(D39=Lookups!$B$6,3,IF(D39=Lookups!$B$7,4,IF(D39=Lookups!$B$8,5,0))))) -> 0 | Q39: =IF(E39=Lookups!$C$4,1,IF(E39=Lookups!$C$5,2,IF(E39=Lookups!$C$6,3,IF(E39=Lookups!$C$7,4,IF(E39=Lookups!$C$8,5,0))))) -> 0 | U39: =IF(I39=Lookups!$B$4,1,IF(I39=Lookups!$B$5,2,IF(I39=Lookups!$B$6,3,IF(I39=Lookups!$B$7,4,IF(I39=Lookups!$B$8,5,0))))) -> 0 | V39: =IF(J39=Lookups!$C$4,1,IF(J39=Lookups!$C$5,2,IF(J39=Lookups!$C$6,3,IF(J39=Lookups!$C$7,4,IF(J39=Lookups!$C$8,5,0))))) -> 0
C40: Works occur at innapporiate times of the day | F40: =IF(P40*Q40=0,$S$14,VLOOKUP(Q40,Lookups!$D$4:$J$8,'Implementation Phase'!P40+2)) -> Select L & C | K40: =IF(U40*V40=0,$S$14,VLOOKUP(V40,Lookups!$D$4:$J$8,'Implementation Phase'!U40+2)) -> Select L & C | P40: =IF(D40=Lookups!$B$4,1,IF(D40=Lookups!$B$5,2,IF(D40=Lookups!$B$6,3,IF(D40=Lookups!$B$7,4,IF(D40=Lookups!$B$8,5,0))))) -> 0 | Q40: =IF(E40=Lookups!$C$4,1,IF(E40=Lookups!$C$5,2,IF(E40=Lookups!$C$6,3,IF(E40=Lookups!$C$7,4,IF(E40=Lookups!$C$8,5,0))))) -> 0 | U40: =IF(I40=Lookups!$B$4,1,IF(I40=Lookups!$B$5,2,IF(I40=Lookups!$B$6,3,IF(I40=Lookups!$B$7,4,IF(I40=Lookups!$B$8,5,0))))) -> 0 | V40: =IF(J40=Lookups!$C$4,1,IF(J40=Lookups!$C$5,2,IF(J40=Lookups!$C$6,3,IF(J40=Lookups!$C$7,4,IF(J40=Lookups!$C$8,5,0))))) -> 0
C41: Extended shift length leads to staff fatugue | F41: =IF(P41*Q41=0,$S$14,VLOOKUP(Q41,Lookups!$D$4:$J$8,'Implementation Phase'!P41+2)) -> Select L & C | K41: =IF(U41*V41=0,$S$14,VLOOKUP(V41,Lookups!$D$4:$J$8,'Implementation Phase'!U41+2)) -> Select L & C | P41: =IF(D41=Lookups!$B$4,1,IF(D41=Lookups!$B$5,2,IF(D41=Lookups!$B$6,3,IF(D41=Lookups!$B$7,4,IF(D41=Lookups!$B$8,5,0))))) -> 0 | Q41: =IF(E41=Lookups!$C$4,1,IF(E41=Lookups!$C$5,2,IF(E41=Lookups!$C$6,3,IF(E41=Lookups!$C$7,4,IF(E41=Lookups!$C$8,5,0))))) -> 0 | U41: =IF(I41=Lookups!$B$4,1,IF(I41=Lookups!$B$5,2,IF(I41=Lookups!$B$6,3,IF(I41=Lookups!$B$7,4,IF(I41=Lookups!$B$8,5,0))))) -> 0 | V41: =IF(J41=Lookups!$C$4,1,IF(J41=Lookups!$C$5,2,IF(J41=Lookups!$C$6,3,IF(J41=Lookups!$C$7,4,IF(J41=Lookups!$C$8,5,0))))) -> 0
B42: Extended shift time or uncomfortable weather conditions | C42: TTM staff fatigue / heat exhaustion / dehydration | F42: =IF(P42*Q42=0,$S$14,VLOOKUP(Q42,Lookups!$D$4:$J$8,'Implementation Phase'!P42+2)) -> Select L & C | K42: =IF(U42*V42=0,$S$14,VLOOKUP(V42,Lookups!$D$4:$J$8,'Implementation Phase'!U42+2)) -> Select L & C | P42: =IF(D42=Lookups!$B$4,1,IF(D42=Lookups!$B$5,2,IF(D42=Lookups!$B$6,3,IF(D42=Lookups!$B$7,4,IF(D42=Lookups!$B$8,5,0))))) -> 0 | Q42: =IF(E42=Lookups!$C$4,1,IF(E42=Lookups!$C$5,2,IF(E42=Lookups!$C$6,3,IF(E42=Lookups!$C$7,4,IF(E42=Lookups!$C$8,5,0))))) -> 0 | U42: =IF(I42=Lookups!$B$4,1,IF(I42=Lookups!$B$5,2,IF(I42=Lookups!$B$6,3,IF(I42=Lookups!$B$7,4,IF(I42=Lookups!$B$8,5,0))))) -> 0 | V42: =IF(J42=Lookups!$C$4,1,IF(J42=Lookups!$C$5,2,IF(J42=Lookups!$C$6,3,IF(J42=Lookups!$C$7,4,IF(J42=Lookups!$C$8,5,0))))) -> 0
B43: Constrained site | C43: Limited clearance to traffic | F43: =IF(P43*Q43=0,$S$14,VLOOKUP(Q43,Lookups!$D$4:$J$8,'Implementation Phase'!P43+2)) -> Select L & C | K43: =IF(U43*V43=0,$S$14,VLOOKUP(V43,Lookups!$D$4:$J$8,'Implementation Phase'!U43+2)) -> Select L & C | P43: =IF(D43=Lookups!$B$4,1,IF(D43=Lookups!$B$5,2,IF(D43=Lookups!$B$6,3,IF(D43=Lookups!$B$7,4,IF(D43=Lookups!$B$8,5,0))))) -> 0 | Q43: =IF(E43=Lookups!$C$4,1,IF(E43=Lookups!$C$5,2,IF(E43=Lookups!$C$6,3,IF(E43=Lookups!$C$7,4,IF(E43=Lookups!$C$8,5,0))))) -> 0 | U43: =IF(I43=Lookups!$B$4,1,IF(I43=Lookups!$B$5,2,IF(I43=Lookups!$B$6,3,IF(I43=Lookups!$B$7,4,IF(I43=Lookups!$B$8,5,0))))) -> 0 | V43: =IF(J43=Lookups!$C$4,1,IF(J43=Lookups!$C$5,2,IF(J43=Lookups!$C$6,3,IF(J43=Lookups!$C$7,4,IF(J43=Lookups!$C$8,5,0))))) -> 0
C44: Worker strays into live traffic | F44: =IF(P44*Q44=0,$S$14,VLOOKUP(Q44,Lookups!$D$4:$J$8,'Implementation Phase'!P44+2)) -> Select L & C | K44: =IF(U44*V44=0,$S$14,VLOOKUP(V44,Lookups!$D$4:$J$8,'Implementation Phase'!U44+2)) -> Select L & C | P44: =IF(D44=Lookups!$B$4,1,IF(D44=Lookups!$B$5,2,IF(D44=Lookups!$B$6,3,IF(D44=Lookups!$B$7,4,IF(D44=Lookups!$B$8,5,0))))) -> 0 | Q44: =IF(E44=Lookups!$C$4,1,IF(E44=Lookups!$C$5,2,IF(E44=Lookups!$C$6,3,IF(E44=Lookups!$C$7,4,IF(E44=Lookups!$C$8,5,0))))) -> 0 | U44: =IF(I44=Lookups!$B$4,1,IF(I44=Lookups!$B$5,2,IF(I44=Lookups!$B$6,3,IF(I44=Lookups!$B$7,4,IF(I44=Lookups!$B$8,5,0))))) -> 0 | V44: =IF(J44=Lookups!$C$4,1,IF(J44=Lookups!$C$5,2,IF(J44=Lookups!$C$6,3,IF(J44=Lookups!$C$7,4,IF(J44=Lookups!$C$8,5,0))))) -> 0
C45: TTM workers required to operate close to worksite vehicles and plant
C46: Risk to workers during installation / modification / removal of TTM | F46: =IF(P46*Q46=0,$S$14,VLOOKUP(Q46,Lookups!$D$4:$J$8,'Implementation Phase'!P46+2)) -> Select L & C | K46: =IF(U46*V46=0,$S$14,VLOOKUP(V46,Lookups!$D$4:$J$8,'Implementation Phase'!U46+2)) -> Select L & C | P46: =IF(D46=Lookups!$B$4,1,IF(D46=Lookups!$B$5,2,IF(D46=Lookups!$B$6,3,IF(D46=Lookups!$B$7,4,IF(D46=Lookups!$B$8,5,0))))) -> 0 | Q46: =IF(E46=Lookups!$C$4,1,IF(E46=Lookups!$C$5,2,IF(E46=Lookups!$C$6,3,IF(E46=Lookups!$C$7,4,IF(E46=Lookups!$C$8,5,0))))) -> 0 | U46: =IF(I46=Lookups!$B$4,1,IF(I46=Lookups!$B$5,2,IF(I46=Lookups!$B$6,3,IF(I46=Lookups!$B$7,4,IF(I46=Lookups!$B$8,5,0))))) -> 0 | V46: =IF(J46=Lookups!$C$4,1,IF(J46=Lookups!$C$5,2,IF(J46=Lookups!$C$6,3,IF(J46=Lookups!$C$7,4,IF(J46=Lookups!$C$8,5,0))))) -> 0
B47: Staff complacency due to repetitive work tasks | C47: Workers underestiamte the hazards that they expose themselves to and operate outside of approved safe works procedures | F47: =IF(P47*Q47=0,$S$14,VLOOKUP(Q47,Lookups!$D$4:$J$8,'Implementation Phase'!P47+2)) -> Select L & C | K47: =IF(U47*V47=0,$S$14,VLOOKUP(V47,Lookups!$D$4:$J$8,'Implementation Phase'!U47+2)) -> Select L & C
B48: Dedicated roles such as lookout persons | C48: Inappropriate separation of tasks leads to additional tasks being undertaken and lookout role not being undertaken as required. | F48: =IF(P48*Q48=0,$S$14,VLOOKUP(Q48,Lookups!$D$4:$J$8,'Implementation Phase'!P48+2)) -> Select L & C | K48: =IF(U48*V48=0,$S$14,VLOOKUP(V48,Lookups!$D$4:$J$8,'Implementation Phase'!U48+2)) -> Select L & C
B49: TC operations mistakenly releasing traffic early before last vehicle in opposing direction has passed | C49: Risk of collision between traffic traveling in opposite directions | F49: =IF(P49*Q49=0,$S$14,VLOOKUP(Q49,Lookups!$D$4:$J$8,'Implementation Phase'!P49+2)) -> Select L & C | K49: =IF(U49*V49=0,$S$14,VLOOKUP(V49,Lookups!$D$4:$J$8,'Implementation Phase'!U49+2)) -> Select L & C
B50: Road users not complying with TC instructions | C50: Risk of collision between traffic traveling in opposite directions | F50: =IF(P50*Q50=0,$S$14,VLOOKUP(Q50,Lookups!$D$4:$J$8,'Implementation Phase'!P50+2)) -> Select L & C | K50: =IF(U50*V50=0,$S$14,VLOOKUP(V50,Lookups!$D$4:$J$8,'Implementation Phase'!U50+2)) -> Select L & C
B51: PTCD | C51: Failure of PTCD leads to driver confusion and vehicle conflicts | F51: =IF(P51*Q51=0,$S$14,VLOOKUP(Q51,Lookups!$D$4:$J$8,'Implementation Phase'!P51+2)) -> Select L & C | K51: =IF(U51*V51=0,$S$14,VLOOKUP(V51,Lookups!$D$4:$J$8,'Implementation Phase'!U51+2)) -> Select L & C
B52: Rough surface alongside worksite where TTM staff are oparating | C52: Slips, trips and falls | F52: =IF(P52*Q52=0,$S$14,VLOOKUP(Q52,Lookups!$D$4:$J$8,'Implementation Phase'!P52+2)) -> Select L & C | K52: =IF(U52*V52=0,$S$14,VLOOKUP(V52,Lookups!$D$4:$J$8,'Implementation Phase'!U52+2)) -> Select L & C
B53: Works vehicles undertaking U-turns or turning movements at inappropriate locations | C53: Collisions with other traffic travelling past the site | F53: =IF(P53*Q53=0,$S$14,VLOOKUP(Q53,Lookups!$D$4:$J$8,'Implementation Phase'!P53+2)) -> Select L & C | K53: =IF(U53*V53=0,$S$14,VLOOKUP(V53,Lookups!$D$4:$J$8,'Implementation Phase'!U53+2)) -> Select L & C
B54: Workers crossing the road in in apporpriate locations | C54: Risk of injury from collision with traffic travelling past the site | F54: =IF(P54*Q54=0,$S$14,VLOOKUP(Q54,Lookups!$D$4:$J$8,'Implementation Phase'!P54+2)) -> Select L & C | K54: =IF(U54*V54=0,$S$14,VLOOKUP(V54,Lookups!$D$4:$J$8,'Implementation Phase'!U54+2)) -> Select L & C
B55: Emergency Vehicles | P55: =IF(D55=Lookups!$B$4,1,IF(D55=Lookups!$B$5,2,IF(D55=Lookups!$B$6,3,IF(D55=Lookups!$B$7,4,IF(D55=Lookups!$B$8,5,0))))) -> 0 | Q55: =IF(E55=Lookups!$C$4,1,IF(E55=Lookups!$C$5,2,IF(E55=Lookups!$C$6,3,IF(E55=Lookups!$C$7,4,IF(E55=Lookups!$C$8,5,0))))) -> 0 | U55: =IF(I55=Lookups!$B$4,1,IF(I55=Lookups!$B$5,2,IF(I55=Lookups!$B$6,3,IF(I55=Lookups!$B$7,4,IF(I55=Lookups!$B$8,5,0))))) -> 0 | V55: =IF(J55=Lookups!$C$4,1,IF(J55=Lookups!$C$5,2,IF(J55=Lookups!$C$6,3,IF(J55=Lookups!$C$7,4,IF(J55=Lookups!$C$8,5,0))))) -> 0
B56: Works lead to excessive traffic queues and delays leads to unacceptably long delays to road users | C56: Emergency vehicles access past the works area is blocked by works activities or queued traffic leading to unacceptable delays to emergency vehicles | F56: =IF(P56*Q56=0,$S$14,VLOOKUP(Q56,Lookups!$D$4:$J$8,'Implementation Phase'!P56+2)) -> Select L & C | K56: =IF(U56*V56=0,$S$14,VLOOKUP(V56,Lookups!$D$4:$J$8,'Implementation Phase'!U56+2)) -> Select L & C | P56: =IF(D56=Lookups!$B$4,1,IF(D56=Lookups!$B$5,2,IF(D56=Lookups!$B$6,3,IF(D56=Lookups!$B$7,4,IF(D56=Lookups!$B$8,5,0))))) -> 0 | Q56: =IF(E56=Lookups!$C$4,1,IF(E56=Lookups!$C$5,2,IF(E56=Lookups!$C$6,3,IF(E56=Lookups!$C$7,4,IF(E56=Lookups!$C$8,5,0))))) -> 0 | U56: =IF(I56=Lookups!$B$4,1,IF(I56=Lookups!$B$5,2,IF(I56=Lookups!$B$6,3,IF(I56=Lookups!$B$7,4,IF(I56=Lookups!$B$8,5,0))))) -> 0 | V56: =IF(J56=Lookups!$C$4,1,IF(J56=Lookups!$C$5,2,IF(J56=Lookups!$C$6,3,IF(J56=Lookups!$C$7,4,IF(J56=Lookups!$C$8,5,0))))) -> 0
B57: Emergency vehicle access to the worksite not clear | C57: Extended delay to attend to injured workers or road users at the worksite | F57: =IF(P57*Q57=0,$S$14,VLOOKUP(Q57,Lookups!$D$4:$J$8,'Implementation Phase'!P57+2)) -> Select L & C | K57: =IF(U57*V57=0,$S$14,VLOOKUP(V57,Lookups!$D$4:$J$8,'Implementation Phase'!U57+2)) -> Select L & C | P57: =IF(D57=Lookups!$B$4,1,IF(D57=Lookups!$B$5,2,IF(D57=Lookups!$B$6,3,IF(D57=Lookups!$B$7,4,IF(D57=Lookups!$B$8,5,0))))) -> 0 | Q57: =IF(E57=Lookups!$C$4,1,IF(E57=Lookups!$C$5,2,IF(E57=Lookups!$C$6,3,IF(E57=Lookups!$C$7,4,IF(E57=Lookups!$C$8,5,0))))) -> 0 | U57: =IF(I57=Lookups!$B$4,1,IF(I57=Lookups!$B$5,2,IF(I57=Lookups!$B$6,3,IF(I57=Lookups!$B$7,4,IF(I57=Lookups!$B$8,5,0))))) -> 0 | V57: =IF(J57=Lookups!$C$4,1,IF(J57=Lookups!$C$5,2,IF(J57=Lookups!$C$6,3,IF(J57=Lookups!$C$7,4,IF(J57=Lookups!$C$8,5,0))))) -> 0
B58: Public Transport | P58: =IF(D58=Lookups!$B$4,1,IF(D58=Lookups!$B$5,2,IF(D58=Lookups!$B$6,3,IF(D58=Lookups!$B$7,4,IF(D58=Lookups!$B$8,5,0))))) -> 0 | Q58: =IF(E58=Lookups!$C$4,1,IF(E58=Lookups!$C$5,2,IF(E58=Lookups!$C$6,3,IF(E58=Lookups!$C$7,4,IF(E58=Lookups!$C$8,5,0))))) -> 0 | U58: =IF(I58=Lookups!$B$4,1,IF(I58=Lookups!$B$5,2,IF(I58=Lookups!$B$6,3,IF(I58=Lookups!$B$7,4,IF(I58=Lookups!$B$8,5,0))))) -> 0 | V58: =IF(J58=Lookups!$C$4,1,IF(J58=Lookups!$C$5,2,IF(J58=Lookups!$C$6,3,IF(J58=Lookups!$C$7,4,IF(J58=Lookups!$C$8,5,0))))) -> 0
B59: Public transport stops and routes | C59: Passenger and public transport vehicle movements occur in hazardous locations. | F59: =IF(P59*Q59=0,$S$14,VLOOKUP(Q59,Lookups!$D$4:$J$8,'Implementation Phase'!P59+2)) -> Select L & C | K59: =IF(U59*V59=0,$S$14,VLOOKUP(V59,Lookups!$D$4:$J$8,'Implementation Phase'!U59+2)) -> Select L & C | P59: =IF(D59=Lookups!$B$4,1,IF(D59=Lookups!$B$5,2,IF(D59=Lookups!$B$6,3,IF(D59=Lookups!$B$7,4,IF(D59=Lookups!$B$8,5,0))))) -> 0 | Q59: =IF(E59=Lookups!$C$4,1,IF(E59=Lookups!$C$5,2,IF(E59=Lookups!$C$6,3,IF(E59=Lookups!$C$7,4,IF(E59=Lookups!$C$8,5,0))))) -> 0 | U59: =IF(I59=Lookups!$B$4,1,IF(I59=Lookups!$B$5,2,IF(I59=Lookups!$B$6,3,IF(I59=Lookups!$B$7,4,IF(I59=Lookups!$B$8,5,0))))) -> 0 | V59: =IF(J59=Lookups!$C$4,1,IF(J59=Lookups!$C$5,2,IF(J59=Lookups!$C$6,3,IF(J59=Lookups!$C$7,4,IF(J59=Lookups!$C$8,5,0))))) -> 0
B60: Site Access | P60: =IF(D60=Lookups!$B$4,1,IF(D60=Lookups!$B$5,2,IF(D60=Lookups!$B$6,3,IF(D60=Lookups!$B$7,4,IF(D60=Lookups!$B$8,5,0))))) -> 0 | Q60: =IF(E60=Lookups!$C$4,1,IF(E60=Lookups!$C$5,2,IF(E60=Lookups!$C$6,3,IF(E60=Lookups!$C$7,4,IF(E60=Lookups!$C$8,5,0))))) -> 0 | U60: =IF(I60=Lookups!$B$4,1,IF(I60=Lookups!$B$5,2,IF(I60=Lookups!$B$6,3,IF(I60=Lookups!$B$7,4,IF(I60=Lookups!$B$8,5,0))))) -> 0 | V60: =IF(J60=Lookups!$C$4,1,IF(J60=Lookups!$C$5,2,IF(J60=Lookups!$C$6,3,IF(J60=Lookups!$C$7,4,IF(J60=Lookups!$C$8,5,0))))) -> 0
B61: Site access for construction vehicles is not clearly defined / managed | C61: Construction vehicles stop / queue in unsafe locations causes | F61: =IF(P61*Q61=0,$S$14,VLOOKUP(Q61,Lookups!$D$4:$J$8,'Implementation Phase'!P61+2)) -> Select L & C | K61: =IF(U61*V61=0,$S$14,VLOOKUP(V61,Lookups!$D$4:$J$8,'Implementation Phase'!U61+2)) -> Select L & C | P61: =IF(D61=Lookups!$B$4,1,IF(D61=Lookups!$B$5,2,IF(D61=Lookups!$B$6,3,IF(D61=Lookups!$B$7,4,IF(D61=Lookups!$B$8,5,0))))) -> 0 | Q61: =IF(E61=Lookups!$C$4,1,IF(E61=Lookups!$C$5,2,IF(E61=Lookups!$C$6,3,IF(E61=Lookups!$C$7,4,IF(E61=Lookups!$C$8,5,0))))) -> 0 | U61: =IF(I61=Lookups!$B$4,1,IF(I61=Lookups!$B$5,2,IF(I61=Lookups!$B$6,3,IF(I61=Lookups!$B$7,4,IF(I61=Lookups!$B$8,5,0))))) -> 0 | V61: =IF(J61=Lookups!$C$4,1,IF(J61=Lookups!$C$5,2,IF(J61=Lookups!$C$6,3,IF(J61=Lookups!$C$7,4,IF(J61=Lookups!$C$8,5,0))))) -> 0
C62: Construction vehicles use inappropriate entry and exit points
C63: Passing traffic inadvertently enters worksites leading to worker injury | F63: =IF(P63*Q63=0,$S$14,VLOOKUP(Q63,Lookups!$D$4:$J$8,'Implementation Phase'!P63+2)) -> Select L & C | K63: =IF(U63*V63=0,$S$14,VLOOKUP(V63,Lookups!$D$4:$J$8,'Implementation Phase'!U63+2)) -> Select L & C | P63: =IF(D63=Lookups!$B$4,1,IF(D63=Lookups!$B$5,2,IF(D63=Lookups!$B$6,3,IF(D63=Lookups!$B$7,4,IF(D63=Lookups!$B$8,5,0))))) -> 0 | Q63: =IF(E63=Lookups!$C$4,1,IF(E63=Lookups!$C$5,2,IF(E63=Lookups!$C$6,3,IF(E63=Lookups!$C$7,4,IF(E63=Lookups!$C$8,5,0))))) -> 0 | U63: =IF(I63=Lookups!$B$4,1,IF(I63=Lookups!$B$5,2,IF(I63=Lookups!$B$6,3,IF(I63=Lookups!$B$7,4,IF(I63=Lookups!$B$8,5,0))))) -> 0 | V63: =IF(J63=Lookups!$C$4,1,IF(J63=Lookups!$C$5,2,IF(J63=Lookups!$C$6,3,IF(J63=Lookups!$C$7,4,IF(J63=Lookups!$C$8,5,0))))) -> 0
B64: Congestion at entry leads | C64: Impacts on traffic flow creating wider network impacts and potential for collisions | F64: =IF(P64*Q64=0,$S$14,VLOOKUP(Q64,Lookups!$D$4:$J$8,'Implementation Phase'!P64+2)) -> Select L & C | K64: =IF(U64*V64=0,$S$14,VLOOKUP(V64,Lookups!$D$4:$J$8,'Implementation Phase'!U64+2)) -> Select L & C | P64: =IF(D64=Lookups!$B$4,1,IF(D64=Lookups!$B$5,2,IF(D64=Lookups!$B$6,3,IF(D64=Lookups!$B$7,4,IF(D64=Lookups!$B$8,5,0))))) -> 0 | Q64: =IF(E64=Lookups!$C$4,1,IF(E64=Lookups!$C$5,2,IF(E64=Lookups!$C$6,3,IF(E64=Lookups!$C$7,4,IF(E64=Lookups!$C$8,5,0))))) -> 0 | U64: =IF(I64=Lookups!$B$4,1,IF(I64=Lookups!$B$5,2,IF(I64=Lookups!$B$6,3,IF(I64=Lookups!$B$7,4,IF(I64=Lookups!$B$8,5,0))))) -> 0 | V64: =IF(J64=Lookups!$C$4,1,IF(J64=Lookups!$C$5,2,IF(J64=Lookups!$C$6,3,IF(J64=Lookups!$C$7,4,IF(J64=Lookups!$C$8,5,0))))) -> 0
B65: Unscheduled deliveries | C65: Impacts on traffic flow creating wider network impacts and potential for collisions | F65: =IF(P65*Q65=0,$S$14,VLOOKUP(Q65,Lookups!$D$4:$J$8,'Implementation Phase'!P65+2)) -> Select L & C | K65: =IF(U65*V65=0,$S$14,VLOOKUP(V65,Lookups!$D$4:$J$8,'Implementation Phase'!U65+2)) -> Select L & C | P65: =IF(D65=Lookups!$B$4,1,IF(D65=Lookups!$B$5,2,IF(D65=Lookups!$B$6,3,IF(D65=Lookups!$B$7,4,IF(D65=Lookups!$B$8,5,0))))) -> 0 | Q65: =IF(E65=Lookups!$C$4,1,IF(E65=Lookups!$C$5,2,IF(E65=Lookups!$C$6,3,IF(E65=Lookups!$C$7,4,IF(E65=Lookups!$C$8,5,0))))) -> 0 | U65: =IF(I65=Lookups!$B$4,1,IF(I65=Lookups!$B$5,2,IF(I65=Lookups!$B$6,3,IF(I65=Lookups!$B$7,4,IF(I65=Lookups!$B$8,5,0))))) -> 0 | V65: =IF(J65=Lookups!$C$4,1,IF(J65=Lookups!$C$5,2,IF(J65=Lookups!$C$6,3,IF(J65=Lookups!$C$7,4,IF(J65=Lookups!$C$8,5,0))))) -> 0
B66: Exit from work site to high speed roads | C66: Insufficient acceleration length leads to unsafe exit to the traffic stream and collisions with through traffic | F66: =IF(P66*Q66=0,$S$14,VLOOKUP(Q66,Lookups!$D$4:$J$8,'Implementation Phase'!P66+2)) -> Select L & C | K66: =IF(U66*V66=0,$S$14,VLOOKUP(V66,Lookups!$D$4:$J$8,'Implementation Phase'!U66+2)) -> Select L & C | P66: =IF(D66=Lookups!$B$4,1,IF(D66=Lookups!$B$5,2,IF(D66=Lookups!$B$6,3,IF(D66=Lookups!$B$7,4,IF(D66=Lookups!$B$8,5,0))))) -> 0 | Q66: =IF(E66=Lookups!$C$4,1,IF(E66=Lookups!$C$5,2,IF(E66=Lookups!$C$6,3,IF(E66=Lookups!$C$7,4,IF(E66=Lookups!$C$8,5,0))))) -> 0 | U66: =IF(I66=Lookups!$B$4,1,IF(I66=Lookups!$B$5,2,IF(I66=Lookups!$B$6,3,IF(I66=Lookups!$B$7,4,IF(I66=Lookups!$B$8,5,0))))) -> 0 | V66: =IF(J66=Lookups!$C$4,1,IF(J66=Lookups!$C$5,2,IF(J66=Lookups!$C$6,3,IF(J66=Lookups!$C$7,4,IF(J66=Lookups!$C$8,5,0))))) -> 0
B67: Property Access | P67: =IF(D67=Lookups!$B$4,1,IF(D67=Lookups!$B$5,2,IF(D67=Lookups!$B$6,3,IF(D67=Lookups!$B$7,4,IF(D67=Lookups!$B$8,5,0))))) -> 0 | Q67: =IF(E67=Lookups!$C$4,1,IF(E67=Lookups!$C$5,2,IF(E67=Lookups!$C$6,3,IF(E67=Lookups!$C$7,4,IF(E67=Lookups!$C$8,5,0))))) -> 0 | U67: =IF(I67=Lookups!$B$4,1,IF(I67=Lookups!$B$5,2,IF(I67=Lookups!$B$6,3,IF(I67=Lookups!$B$7,4,IF(I67=Lookups!$B$8,5,0))))) -> 0 | V67: =IF(J67=Lookups!$C$4,1,IF(J67=Lookups!$C$5,2,IF(J67=Lookups!$C$6,3,IF(J67=Lookups!$C$7,4,IF(J67=Lookups!$C$8,5,0))))) -> 0
B68: Closure or roads or turn movements at intersections affects adjoining properties with access near or at the site | C68: Road users attempting to access properties compromised by road closures or delays | F68: =IF(P68*Q68=0,$S$14,VLOOKUP(Q68,Lookups!$D$4:$J$8,'Implementation Phase'!P68+2)) -> Select L & C | K68: =IF(U68*V68=0,$S$14,VLOOKUP(V68,Lookups!$D$4:$J$8,'Implementation Phase'!U68+2)) -> Select L & C | P68: =IF(D68=Lookups!$B$4,1,IF(D68=Lookups!$B$5,2,IF(D68=Lookups!$B$6,3,IF(D68=Lookups!$B$7,4,IF(D68=Lookups!$B$8,5,0))))) -> 0 | Q68: =IF(E68=Lookups!$C$4,1,IF(E68=Lookups!$C$5,2,IF(E68=Lookups!$C$6,3,IF(E68=Lookups!$C$7,4,IF(E68=Lookups!$C$8,5,0))))) -> 0 | U68: =IF(I68=Lookups!$B$4,1,IF(I68=Lookups!$B$5,2,IF(I68=Lookups!$B$6,3,IF(I68=Lookups!$B$7,4,IF(I68=Lookups!$B$8,5,0))))) -> 0 | V68: =IF(J68=Lookups!$C$4,1,IF(J68=Lookups!$C$5,2,IF(J68=Lookups!$C$6,3,IF(J68=Lookups!$C$7,4,IF(J68=Lookups!$C$8,5,0))))) -> 0
B69: Parking facilities exist within the proposed worksite | C69: Illegal or unsafe parking practices in and around the worksite. | F69: =IF(P69*Q69=0,$S$14,VLOOKUP(Q69,Lookups!$D$4:$J$8,'Implementation Phase'!P69+2)) -> Select L & C | K69: =IF(U69*V69=0,$S$14,VLOOKUP(V69,Lookups!$D$4:$J$8,'Implementation Phase'!U69+2)) -> Select L & C
B70: TTM devices block sight lines for vehicles entering / exiting properties | C70: Potential collisiopns between enetering / exiting traffic and through traffic on the road. | F70: =IF(P70*Q70=0,$S$14,VLOOKUP(Q70,Lookups!$D$4:$J$8,'Implementation Phase'!P70+2)) -> Select L & C | K70: =IF(U70*V70=0,$S$14,VLOOKUP(V70,Lookups!$D$4:$J$8,'Implementation Phase'!U70+2)) -> Select L & C | P70: =IF(D70=Lookups!$B$4,1,IF(D70=Lookups!$B$5,2,IF(D70=Lookups!$B$6,3,IF(D70=Lookups!$B$7,4,IF(D70=Lookups!$B$8,5,0))))) -> 0 | Q70: =IF(E70=Lookups!$C$4,1,IF(E70=Lookups!$C$5,2,IF(E70=Lookups!$C$6,3,IF(E70=Lookups!$C$7,4,IF(E70=Lookups!$C$8,5,0))))) -> 0 | S70: High | U70: =IF(I70=Lookups!$B$4,1,IF(I70=Lookups!$B$5,2,IF(I70=Lookups!$B$6,3,IF(I70=Lookups!$B$7,4,IF(I70=Lookups!$B$8,5,0))))) -> 0 | V70: =IF(J70=Lookups!$C$4,1,IF(J70=Lookups!$C$5,2,IF(J70=Lookups!$C$6,3,IF(J70=Lookups!$C$7,4,IF(J70=Lookups!$C$8,5,0))))) -> 0
B71: Parking facilities exist within the proposed worksite | C71: Parked vehicles obstruct TTM devices or create hazardous situtations within the worksite. | F71: =IF(P71*Q71=0,$S$14,VLOOKUP(Q71,Lookups!$D$4:$J$8,'Implementation Phase'!P71+2)) -> Select L & C | K71: =IF(U71*V71=0,$S$14,VLOOKUP(V71,Lookups!$D$4:$J$8,'Implementation Phase'!U71+2)) -> Select L & C
B72: Site & environmental features | P72: =IF(D72=Lookups!$B$4,1,IF(D72=Lookups!$B$5,2,IF(D72=Lookups!$B$6,3,IF(D72=Lookups!$B$7,4,IF(D72=Lookups!$B$8,5,0))))) -> 0 | Q72: =IF(E72=Lookups!$C$4,1,IF(E72=Lookups!$C$5,2,IF(E72=Lookups!$C$6,3,IF(E72=Lookups!$C$7,4,IF(E72=Lookups!$C$8,5,0))))) -> 0 | U72: =IF(I72=Lookups!$B$4,1,IF(I72=Lookups!$B$5,2,IF(I72=Lookups!$B$6,3,IF(I72=Lookups!$B$7,4,IF(I72=Lookups!$B$8,5,0))))) -> 0 | V72: =IF(J72=Lookups!$C$4,1,IF(J72=Lookups!$C$5,2,IF(J72=Lookups!$C$6,3,IF(J72=Lookups!$C$7,4,IF(J72=Lookups!$C$8,5,0))))) -> 0
B73: Sight distance to all TTM devices obscured by vegetation, curves, crests or other obstructions | C73: inadequate sight distance able to be achieved leading to hazardous road user situations. | F73: =IF(P73*Q73=0,$S$14,VLOOKUP(Q73,Lookups!$D$4:$J$8,'Implementation Phase'!P73+2)) -> Select L & C | K73: =IF(U73*V73=0,$S$14,VLOOKUP(V73,Lookups!$D$4:$J$8,'Implementation Phase'!U73+2)) -> Select L & C | P73: =IF(D73=Lookups!$B$4,1,IF(D73=Lookups!$B$5,2,IF(D73=Lookups!$B$6,3,IF(D73=Lookups!$B$7,4,IF(D73=Lookups!$B$8,5,0))))) -> 0 | Q73: =IF(E73=Lookups!$C$4,1,IF(E73=Lookups!$C$5,2,IF(E73=Lookups!$C$6,3,IF(E73=Lookups!$C$7,4,IF(E73=Lookups!$C$8,5,0))))) -> 0 | U73: =IF(I73=Lookups!$B$4,1,IF(I73=Lookups!$B$5,2,IF(I73=Lookups!$B$6,3,IF(I73=Lookups!$B$7,4,IF(I73=Lookups!$B$8,5,0))))) -> 0 | V73: =IF(J73=Lookups!$C$4,1,IF(J73=Lookups!$C$5,2,IF(J73=Lookups!$C$6,3,IF(J73=Lookups!$C$7,4,IF(J73=Lookups!$C$8,5,0))))) -> 0
B74: Existing signage, pavement markings and other features conflict with the proposed TTM treatments | C74: Driver confusion | F74: =IF(P74*Q74=0,$S$14,VLOOKUP(Q74,Lookups!$D$4:$J$8,'Implementation Phase'!P74+2)) -> Select L & C
B75: Electrical storms | C75: Lightning risk to TC and other staff | F75: =IF(P75*Q75=0,$S$14,VLOOKUP(Q75,Lookups!$D$4:$J$8,'Implementation Phase'!P75+2)) -> Select L & C
B76: Shadowing, fog, glare, inclement weather, smoke | C76: Reduced visibility for approaching traffic - increased risk to road users and road workers | F76: =IF(P76*Q76=0,$S$14,VLOOKUP(Q76,Lookups!$D$4:$J$8,'Implementation Phase'!P76+2)) -> Select L & C
B77: Night works | C77: Reduced understanding of worksite | F77: =IF(P77*Q77=0,$S$14,VLOOKUP(Q77,Lookups!$D$4:$J$8,'Implementation Phase'!P77+2)) -> Select L & C
C78: Visual overload with retroflective devices | F78: =IF(P78*Q78=0,$S$14,VLOOKUP(Q78,Lookups!$D$4:$J$8,'Implementation Phase'!P78+2)) -> Select L & C
B79: Site constraints with no escape route for workers or traffic controllers | C79: Workers cannot escape traffic incidents on site and are injured by vehicle intrusion into the site. | F79: =IF(P79*Q79=0,$S$14,VLOOKUP(Q79,Lookups!$D$4:$J$8,'Implementation Phase'!P79+2)) -> Select L & C
B80: Obstructions reducing sight distance for road users along road alignment including barriers, stockpiles, gawk screens, and plant items | C80: increased potential for colliisions with obstructions on the road or other vehicles who have stopped / slowed | F80: =IF(P80*Q80=0,$S$14,VLOOKUP(Q80,Lookups!$D$4:$J$8,'Implementation Phase'!P80+2)) -> Select L & C | K80: =IF(U80*V80=0,$S$14,VLOOKUP(V80,Lookups!$D$4:$J$8,'Implementation Phase'!U80+2)) -> Select L & C | P80: =IF(D80=Lookups!$B$4,1,IF(D80=Lookups!$B$5,2,IF(D80=Lookups!$B$6,3,IF(D80=Lookups!$B$7,4,IF(D80=Lookups!$B$8,5,0))))) -> 0 | Q80: =IF(E80=Lookups!$C$4,1,IF(E80=Lookups!$C$5,2,IF(E80=Lookups!$C$6,3,IF(E80=Lookups!$C$7,4,IF(E80=Lookups!$C$8,5,0))))) -> 0 | S80: High | U80: =IF(I80=Lookups!$B$4,1,IF(I80=Lookups!$B$5,2,IF(I80=Lookups!$B$6,3,IF(I80=Lookups!$B$7,4,IF(I80=Lookups!$B$8,5,0))))) -> 0 | V80: =IF(J80=Lookups!$C$4,1,IF(J80=Lookups!$C$5,2,IF(J80=Lookups!$C$6,3,IF(J80=Lookups!$C$7,4,IF(J80=Lookups!$C$8,5,0))))) -> 0
B81: TC operations near bridges and waterways restrict escape paths | C81: Injury to TC unable to escape from an errant vehicle | F81: =IF(P81*Q81=0,$S$14,VLOOKUP(Q81,Lookups!$D$4:$J$8,'Implementation Phase'!P81+2)) -> Select L & C | K81: =IF(U81*V81=0,$S$14,VLOOKUP(V81,Lookups!$D$4:$J$8,'Implementation Phase'!U81+2)) -> Select L & C | P81: =IF(D81=Lookups!$B$4,1,IF(D81=Lookups!$B$5,2,IF(D81=Lookups!$B$6,3,IF(D81=Lookups!$B$7,4,IF(D81=Lookups!$B$8,5,0))))) -> 0 | Q81: =IF(E81=Lookups!$C$4,1,IF(E81=Lookups!$C$5,2,IF(E81=Lookups!$C$6,3,IF(E81=Lookups!$C$7,4,IF(E81=Lookups!$C$8,5,0))))) -> 0 | S81: High | U81: =IF(I81=Lookups!$B$4,1,IF(I81=Lookups!$B$5,2,IF(I81=Lookups!$B$6,3,IF(I81=Lookups!$B$7,4,IF(I81=Lookups!$B$8,5,0))))) -> 0 | V81: =IF(J81=Lookups!$C$4,1,IF(J81=Lookups!$C$5,2,IF(J81=Lookups!$C$6,3,IF(J81=Lookups!$C$7,4,IF(J81=Lookups!$C$8,5,0))))) -> 0
B82: Heavy / Oversize vehilcles | P82: =IF(D82=Lookups!$B$4,1,IF(D82=Lookups!$B$5,2,IF(D82=Lookups!$B$6,3,IF(D82=Lookups!$B$7,4,IF(D82=Lookups!$B$8,5,0))))) -> 0 | Q82: =IF(E82=Lookups!$C$4,1,IF(E82=Lookups!$C$5,2,IF(E82=Lookups!$C$6,3,IF(E82=Lookups!$C$7,4,IF(E82=Lookups!$C$8,5,0))))) -> 0 | U82: =IF(I82=Lookups!$B$4,1,IF(I82=Lookups!$B$5,2,IF(I82=Lookups!$B$6,3,IF(I82=Lookups!$B$7,4,IF(I82=Lookups!$B$8,5,0))))) -> 0 | V82: =IF(J82=Lookups!$C$4,1,IF(J82=Lookups!$C$5,2,IF(J82=Lookups!$C$6,3,IF(J82=Lookups!$C$7,4,IF(J82=Lookups!$C$8,5,0))))) -> 0
B83: Unexpected over-sized loads | C83: Inadequate lane widths leads to vehicles unable to negotiate defined traffic route and collide with other vehicles or worksite devices / plant | F83: =IF(P83*Q83=0,$S$14,VLOOKUP(Q83,Lookups!$D$4:$J$8,'Implementation Phase'!P83+2)) -> Select L & C
B84: Temporary Traffic Management Devices | P84: =IF(D84=Lookups!$B$4,1,IF(D84=Lookups!$B$5,2,IF(D84=Lookups!$B$6,3,IF(D84=Lookups!$B$7,4,IF(D84=Lookups!$B$8,5,0))))) -> 0 | Q84: =IF(E84=Lookups!$C$4,1,IF(E84=Lookups!$C$5,2,IF(E84=Lookups!$C$6,3,IF(E84=Lookups!$C$7,4,IF(E84=Lookups!$C$8,5,0))))) -> 0 | U84: =IF(I84=Lookups!$B$4,1,IF(I84=Lookups!$B$5,2,IF(I84=Lookups!$B$6,3,IF(I84=Lookups!$B$7,4,IF(I84=Lookups!$B$8,5,0))))) -> 0 | V84: =IF(J84=Lookups!$C$4,1,IF(J84=Lookups!$C$5,2,IF(J84=Lookups!$C$6,3,IF(J84=Lookups!$C$7,4,IF(J84=Lookups!$C$8,5,0))))) -> 0
B85: Road features makes it difficult for signs to be placed correctly | C85: Reduced TTM device effectiveness creating potential confusion or hazardous situations and conflicts. | F85: =IF(P85*Q85=0,$S$14,VLOOKUP(Q85,Lookups!$D$4:$J$8,'Implementation Phase'!P85+2)) -> Select L & C | K85: =IF(U85*V85=0,$S$14,VLOOKUP(V85,Lookups!$D$4:$J$8,'Implementation Phase'!U85+2)) -> Select L & C | P85: =IF(D85=Lookups!$B$4,1,IF(D85=Lookups!$B$5,2,IF(D85=Lookups!$B$6,3,IF(D85=Lookups!$B$7,4,IF(D85=Lookups!$B$8,5,0))))) -> 0 | Q85: =IF(E85=Lookups!$C$4,1,IF(E85=Lookups!$C$5,2,IF(E85=Lookups!$C$6,3,IF(E85=Lookups!$C$7,4,IF(E85=Lookups!$C$8,5,0))))) -> 0 | U85: =IF(I85=Lookups!$B$4,1,IF(I85=Lookups!$B$5,2,IF(I85=Lookups!$B$6,3,IF(I85=Lookups!$B$7,4,IF(I85=Lookups!$B$8,5,0))))) -> 0 | V85: =IF(J85=Lookups!$C$4,1,IF(J85=Lookups!$C$5,2,IF(J85=Lookups!$C$6,3,IF(J85=Lookups!$C$7,4,IF(J85=Lookups!$C$8,5,0))))) -> 0
B86: TTM devices dislodged or removed due to wind, passing traffic, theft, vandalism | C86: Reduced TTM device effectiveness creating potential confusion or hazardous situations and conflicts. | F86: =IF(P86*Q86=0,$S$14,VLOOKUP(Q86,Lookups!$D$4:$J$8,'Implementation Phase'!P86+2)) -> Select L & C | K86: =IF(U86*V86=0,$S$14,VLOOKUP(V86,Lookups!$D$4:$J$8,'Implementation Phase'!U86+2)) -> Select L & C | P86: =IF(D86=Lookups!$B$4,1,IF(D86=Lookups!$B$5,2,IF(D86=Lookups!$B$6,3,IF(D86=Lookups!$B$7,4,IF(D86=Lookups!$B$8,5,0))))) -> 0 | Q86: =IF(E86=Lookups!$C$4,1,IF(E86=Lookups!$C$5,2,IF(E86=Lookups!$C$6,3,IF(E86=Lookups!$C$7,4,IF(E86=Lookups!$C$8,5,0))))) -> 0 | U86: =IF(I86=Lookups!$B$4,1,IF(I86=Lookups!$B$5,2,IF(I86=Lookups!$B$6,3,IF(I86=Lookups!$B$7,4,IF(I86=Lookups!$B$8,5,0))))) -> 0 | V86: =IF(J86=Lookups!$C$4,1,IF(J86=Lookups!$C$5,2,IF(J86=Lookups!$C$6,3,IF(J86=Lookups!$C$7,4,IF(J86=Lookups!$C$8,5,0))))) -> 0
B87: Road alignment results in complex requirements for the alignment of TTM devies to ensure their visibility and comprehension by the intended road users | C87: Reduced TTM device effectiveness creating potential confusion or hazardous situations and conflicts. | F87: =IF(P87*Q87=0,$S$14,VLOOKUP(Q87,Lookups!$D$4:$J$8,'Implementation Phase'!P87+2)) -> Select L & C | K87: =IF(U87*V87=0,$S$14,VLOOKUP(V87,Lookups!$D$4:$J$8,'Implementation Phase'!U87+2)) -> Select L & C | P87: =IF(D87=Lookups!$B$4,1,IF(D87=Lookups!$B$5,2,IF(D87=Lookups!$B$6,3,IF(D87=Lookups!$B$7,4,IF(D87=Lookups!$B$8,5,0))))) -> 0 | Q87: =IF(E87=Lookups!$C$4,1,IF(E87=Lookups!$C$5,2,IF(E87=Lookups!$C$6,3,IF(E87=Lookups!$C$7,4,IF(E87=Lookups!$C$8,5,0))))) -> 0 | U87: =IF(I87=Lookups!$B$4,1,IF(I87=Lookups!$B$5,2,IF(I87=Lookups!$B$6,3,IF(I87=Lookups!$B$7,4,IF(I87=Lookups!$B$8,5,0))))) -> 0 | V87: =IF(J87=Lookups!$C$4,1,IF(J87=Lookups!$C$5,2,IF(J87=Lookups!$C$6,3,IF(J87=Lookups!$C$7,4,IF(J87=Lookups!$C$8,5,0))))) -> 0
B88: Traffic incidents | P88: =IF(D88=Lookups!$B$4,1,IF(D88=Lookups!$B$5,2,IF(D88=Lookups!$B$6,3,IF(D88=Lookups!$B$7,4,IF(D88=Lookups!$B$8,5,0))))) -> 0 | Q88: =IF(E88=Lookups!$C$4,1,IF(E88=Lookups!$C$5,2,IF(E88=Lookups!$C$6,3,IF(E88=Lookups!$C$7,4,IF(E88=Lookups!$C$8,5,0))))) -> 0 | U88: =IF(I88=Lookups!$B$4,1,IF(I88=Lookups!$B$5,2,IF(I88=Lookups!$B$6,3,IF(I88=Lookups!$B$7,4,IF(I88=Lookups!$B$8,5,0))))) -> 0 | V88: =IF(J88=Lookups!$C$4,1,IF(J88=Lookups!$C$5,2,IF(J88=Lookups!$C$6,3,IF(J88=Lookups!$C$7,4,IF(J88=Lookups!$C$8,5,0))))) -> 0
B89: Vehicles running into the site through delineation | C89: TTM staff hit by traffic | F89: =IF(P89*Q89=0,$S$14,VLOOKUP(Q89,Lookups!$D$4:$J$8,'Implementation Phase'!P89+2)) -> Select L & C | K89: =IF(U89*V89=0,$S$14,VLOOKUP(V89,Lookups!$D$4:$J$8,'Implementation Phase'!U89+2)) -> Select L & C | P89: =IF(D89=Lookups!$B$4,1,IF(D89=Lookups!$B$5,2,IF(D89=Lookups!$B$6,3,IF(D89=Lookups!$B$7,4,IF(D89=Lookups!$B$8,5,0))))) -> 0 | Q89: =IF(E89=Lookups!$C$4,1,IF(E89=Lookups!$C$5,2,IF(E89=Lookups!$C$6,3,IF(E89=Lookups!$C$7,4,IF(E89=Lookups!$C$8,5,0))))) -> 0 | U89: =IF(I89=Lookups!$B$4,1,IF(I89=Lookups!$B$5,2,IF(I89=Lookups!$B$6,3,IF(I89=Lookups!$B$7,4,IF(I89=Lookups!$B$8,5,0))))) -> 0 | V89: =IF(J89=Lookups!$C$4,1,IF(J89=Lookups!$C$5,2,IF(J89=Lookups!$C$6,3,IF(J89=Lookups!$C$7,4,IF(J89=Lookups!$C$8,5,0))))) -> 0
C90: Injury to road user
B91: TTM staff operating near works vehicles and plant | C91: TTM staff hit by mobile plant / works vehicles | F91: =IF(P91*Q91=0,$S$14,VLOOKUP(Q91,Lookups!$D$4:$J$8,'Implementation Phase'!P91+2)) -> Select L & C | K91: =IF(U91*V91=0,$S$14,VLOOKUP(V91,Lookups!$D$4:$J$8,'Implementation Phase'!U91+2)) -> Select L & C
B92: TC escape bath is blocked / obstructed | C92: Injury to TC if vehicle does not stop at correct location. | F92: =IF(P92*Q92=0,$S$14,VLOOKUP(Q92,Lookups!$D$4:$J$8,'Implementation Phase'!P92+2)) -> Select L & C | K92: =IF(U92*V92=0,$S$14,VLOOKUP(V92,Lookups!$D$4:$J$8,'Implementation Phase'!U92+2)) -> Select L & C

Sheet Likelihood

Sheet Consequence

Sheet Risk Level

Sheet Lookups
E2: Risk Matrix
B3: Likelihood Ratings | C3: Consequence ratings | F3: Almost Certain | G3: Likely | H3: Possible | I3: Unlikely | J3: Rare
B4: Almost Certain | C4: Catastrophic | D4: 1 | E4: Catastrophic | F4: Very High | G4: Very High | H4: High | I4: High | J4: Medium
B5: Likely | C5: Major | D5: 2 | E5: Major | F5: Very High | G5: Very High | H5: High | I5: Medium | J5: Low
B6: Possible | C6: Moderate | D6: 3 | E6: Moderate | F6: High | G6: High | H6: Medium | I6: Low | J6: Low
B7: Unlikely | C7: Minor | D7: 4 | E7: Minor | F7: High | G7: Medium | H7: Low | I7: Low | J7: Low
B8: Rare | C8: Insignificant | D8: 5 | E8: Insignificant | F8: Medium | G8: Low | H8: Low | I8: Low | J8: Negligible
